category_name,item_name,is_discounted,transaction_type,transaction_count,total_qty_kg,total_revenue_rmb,total_net_profit_rmb,avg_net_margin_per_kg,net_margin_pct,avg_basket_qty_kg
Cabbage,Niushou Youcai,false,return,1087,-6.194,259932.13160,0.4984840233145509,2.50377852993385,26.5,24.328948482060717
Flower/Leaf Vegetables,Broccoli,false,sale,31,6811.000,843.20000,3048.146167325631,1.773269975636601,38.0,5.9879518072289155
Flower/Leaf Vegetables,Xixia Black Mushroom (1),false,sale,8,30.324,2837.86740,-0.5090309635219573,-0.4097900381469728,-7.7,0.3875
Capsicum,Crab Flavor Mushroom And White Mushroom Mix (Box),true,sale,783,26445.567,64.74500,19973.627574331025,0.31522567614146924,15.5,-0.765
Flower/Leaf Vegetables,Needle Mushroom (Bag) (3),true,sale,30,124.000,20214.50000,-374.2,2.8967463271411527,18.5,8.862668584579977
Edible Mushroom,Haixian Mushroom (Bunch),true,sale,11,13.000,2746.20000,729.8566877149983,-124.73333333333333,40.3,1.0
Aquatic Tuberous Vegetables,Apricot Bao Mushroom (1),false,sale,83,32.981,11819.74680,14.615246171268454,1.3068453655806402,39.3,5.083333333333333
Aquatic Tuberous Vegetables,Naibaicai,false,sale,24,-2.999,-12.50540,8262.282618459603,-1.177777066563197,-26.2,2.2941176470588234
Aquatic Tuberous Vegetables,Net Lotus Root (3),false,sale,431,255.000,10.60000,823.3799905300141,6.039338976511038,14.1,1.21296
Edible Mushroom,Needle Mushroom (Bag) (2),false,sale,19,2547.000,2151.20000,107.4582353460694,1.9069932299589907,33.3,-0.5630909090909091
Edible Mushroom,The Crab Flavor Mushroom (Box),true,return,48,1010.000,313.14900,91.14999873638155,1.8826588823057433,24.6,2.6325714285714286
Edible Mushroom,Xixia Xianggu Mushroom (2),false,sale,34,1261.000,29875.70000,64004.74754155117,2.423299997429551,35.8,0.7741052631578947
Edible Mushroom,Yunnan Leaf Lettuce (Bag),false,return,6,20.000,335.26460,11098.86157761645,-1.004904813072009,-11.2,-0.5803333333333334
Capsicum,Xianzongye (Bag) (3),false,sale,1,91.000,223.83000,462.49465936325225,-0.025989933242797747,-1.8,-0.49983333333333335
Edible Mushroom,The Steak Mushrooms (Box),false,return,278,12.000,580.90000,218.3556657541246,0.6941469675750728,26.8,2.236842105263158
Edible Mushroom,Chinese Cabbage (Bag),false,sale,113,244.000,226.20000,103.82307672835846,5.4986665585835794,20.3,9.575187969924812
Edible Mushroom,Haixian Mushroom (Bag) (4),false,sale,104,78.000,-106.23940,-4.753703227807192,3.7675213921316093,18.4,8.278688524590164
Flower/Leaf Vegetables,Garden Chrysanthemum,true,sale,25,8.000,1212.90000,6.679609675750727,0.8413533187083768,31.0,7.0055555555555555
Edible Mushroom,Zhuyecai,true,sale,1,517.931,174.07080,1872.7561240721898,1.2750725000382683,1.0,4.275862068965517
Edible Mushroom,Haixian Mushroom (Bag) (1),false,sale,18,18.428,-66.32020,353.2362387602233,0.41755498648961353,25.8,6.640679438058749
Edible Mushroom,Spinach,true,sale,112,7701.659,52252.78140,55.738000184774414,1.693462381052239,36.9,3.1517857142857144
Capsicum,Garden Chrysanthemum (Bag),true,return,7,14.708,-22.34960,-103.26508202178957,2.660913745890036,28.3,1.1982903225806452
Flower/Leaf Vegetables,Sophora Japonica,true,sale,29,16.568,1196.90000,-0.2918792179870593,-0.01569716719360394,37.2,-0.33225
Edible Mushroom,The Local Yellow Youcai,false,sale,160,120.953,-1.53000,-35.09854227558593,2.574742914363316,39.3,3.3395555555555556
Flower/Leaf Vegetables,Luosi Pepper,true,sale,11,100.690,2303.70000,-9.133087608069175,1.2149665419254145,27.5,0.824525
Flower/Leaf Vegetables,Hongshan Gift Box,false,sale,258,37.147,8429.90000,-11.154499275207517,1.24106495578419,35.4,2.055281746031746
Flower/Leaf Vegetables,The White Mushroom (Bag),true,sale,54,-2.658,3552.90000,447.8335311646748,1.4599040121524993,24.6,15.802784222737818
Flower/Leaf Vegetables,Green Hang Pepper (Bag),false,sale,708,674.421,81208.71280,49.29928543131409,1.3360256246012499,-766.8,1.3
Flower/Leaf Vegetables,Nanguajian,false,sale,40,9.405,47.30000,-16.34606886329499,2.4227083725498115,28.7,1.25
Capsicum,Suizhou Bubble Green,false,sale,7,5916.000,42.72010,53.72605340638733,1.670496642347971,-20.8,2.3333333333333335
Edible Mushroom,Eggplant (1),false,sale,6,638.000,42.50000,-0.8195800762939456,0.9060436571710759,-1.1,1.5
Capsicum,Cabbage Stem (Bag),false,sale,180,2794.000,48.80000,334.011839539852,4.019855581635331,33.0,6.910346153846154
Flower/Leaf Vegetables,Haixian Mushroom (Bag) (2),false,sale,869,353.000,194.00000,9591.946136218232,2.3256650011003925,30.5,1.2997307692307691
Solanum,White Caitai,false,sale,3,5199.652,495.60000,6551.722528049746,-0.08495552853478319,41.9,0.5882903225806452
Flower/Leaf Vegetables,Hua Eggplant,false,sale,16,2.000,27.60000,-27.16838355316562,-0.3030742877044684,24.0,2.7613333333333334
Edible Mushroom,Fresh Sea (2),true,sale,39,923.000,497.17790,470.2323327522446,0.8515077596871353,32.6,1.1428571428571428
Flower/Leaf Vegetables,Wuhu Green Pepper (1),false,sale,8,3.000,151.59200,904.5689128760536,6.023050052452086,33.7,1.0703805309734513
Solanum,Ice Grass (Box),true,sale,104,60.112,5235.30000,2320.8621153754057,0.6653999523162841,13.4,0.968173076923077
Edible Mushroom,Water Chestnut (Lingjiao),false,sale,78,-17.410,2877.12960,1257.6699933052062,2.897725486658031,24.6,2.0
Flower/Leaf Vegetables,Red Lotus Root Zone,false,sale,31,497.000,1149.01140,-5.929964562368852,3.6080523120599053,1.2,3.320143884892086
Flower/Leaf Vegetables,Agaricus Bisporus (Bag),false,sale,252,9.300,195.74880,46.285508019234456,-0.09645934346612305,25.7,4.21513125
Flower/Leaf Vegetables,Xiaozhoupi (Bag),false,sale,114,-0.765,1723.95780,1.2838191347030514,1.178235277708838,22.6,0.855
Edible Mushroom,Red Bell Pepper (Bag),false,sale,266,718.676,1075.54080,938.1850873867513,1.4198393381197536,40.9,22.930232558139537
Edible Mushroom,The Agaricus Bisporus,false,sale,122,101.379,132.44700,387.195154973798,3.7705301183036797,30.0,11.814814814814815
Flower/Leaf Vegetables,Xiuzhen Mushroom,true,sale,10,18.237,19837.10000,26.276196481762064,1.3730373879758755,25.6,3.946327683615819
Flower/Leaf Vegetables,Green Caitai,false,return,7,-10.736,-126.60000,38.503745721812244,2.156903714156378,27.1,-2.857142857142857
Capsicum,Chinese Cabbage,false,return,4,30.275,90.82500,40.75691961853027,1.2718000238418583,32.9,-1.5337142857142858
Flower/Leaf Vegetables,Wawacai,false,sale,2,-20.000,55.60000,-41.70031881744384,3.7080944083295555,42.4,2.0
Flower/Leaf Vegetables,Pepper Mix,true,sale,7,4.000,-54.21260,-14.716260015358126,10.189229904632567,73.3,7.56875
Edible Mushroom,The Fungus Mushroom Hot Pot Package (Bag),false,return,1,-6.000,3.44520,16.59141570799103,4.83963240655361,31.1,-0.5512222222222222
Edible Mushroom,Embroidered Aureus (Bag),false,return,9,3.000,47.40000,5.291327487304689,7.610060190734863,38.3,0.957
Aquatic Tuberous Vegetables,Black Chicken  Mushroom,false,sale,1,2.000,25.60000,-10.941300028610232,3.6024798855590827,20.4,1.5
Flower/Leaf Vegetables,Needle Mushroom (Box),false,sale,2,3.355,-28.60000,-0.9362520939733885,37.79519633789063,32.6,1.0
Edible Mushroom,Red Hang Pepper,true,sale,5,0.957,53.36150,16.79198964214325,1.708722264607748,48.2,0.2580769230769231
Capsicum,Zhimaxiancai,true,sale,13,9.381,-40.10600,22.83018057220459,1.7899999618530273,28.1,0.14
Edible Mushroom,Yunnan Shengcai,false,sale,2,-4.961,16.24000,7.204959771118165,1.8963100019073493,29.8,-1.2
Flower/Leaf Vegetables,Net Lotus Root (2),true,sale,2,0.140,56.28600,-8.197455196819305,-0.9783198474121093,-27.2,4.6905
Edible Mushroom,Haixian Mushroom (Bag) (4),false,return,1,-1.000,-3.90000,-0.8759300858306887,0.8759300858306887,22.5,-1.0
Flower/Leaf Vegetables,Xianzongye (Bag) (3),false,return,4,4.000,23.80000,8.185659637603756,5.691580082651773,34.4,-0.5376666666666666
Flower/Leaf Vegetables,Caidian Quinoa Artemisia,true,sale,3,-1.613,-25.04960,-9.527377077639464,2.046414909400939,38.0,1.0
Capsicum,Xixia Xianggu Mushroom (2),false,return,1,-0.752,-13.63600,-0.90653733876831,1.8061700286102287,21.0,-0.974
Flower/Leaf Vegetables,Yellow Baicai (1),false,return,1,-0.558,-4.62760,-2.983381698178709,3.8567803433227517,19.6,-0.752
Edible Mushroom,Red Hot Peppers,false,return,2,-0.974,-14.17920,-5.043177088534546,5.177799885559082,37.0,-0.279
Flower/Leaf Vegetables,Niushou Youcai,false,sale,40,687.846,195.00000,4391.0389555317115,1.1546317536456587,39.1,-0.85095
Flower/Leaf Vegetables,Crab Flavor Mushroom And White Mushroom Mix (Box),false,sale,36,10.000,4231.21710,616.6111961973172,1.9665680057220463,16.3,0.33954545454545454
Aquatic Tuberous Vegetables,Red Line Pepper,true,sale,18,-14.000,-38.11850,-29.402803117886197,2.2696400619888304,44.4,1.9393333333333334
Flower/Leaf Vegetables,Xiaoqingcai (1),false,return,85,7.470,132.45460,-20.636947923386987,1.670630982512245,30.6,2.2754548494983275
Edible Mushroom,Caixin (Bag),false,sale,6,40.726,380.87900,6.08157554467072,1.4959518407232109,29.0,4.0
Capsicum,Green Hot Peppers (Bag),true,sale,12,4671.662,37108.05940,3639.0557655494376,2.578387743479412,23.3,-1.1111111111111112
Flower/Leaf Vegetables,Yuxingcao (Bag),false,return,6,1.817,33.11680,574.8022726845929,2.4391733534664573,28.8,3.3333333333333335
Aquatic Tuberous Vegetables,Net Lotus Root (3),true,return,14,416.000,65.13820,14.24929988555908,0.09345336512247718,25.4,3.1113073770491804
Edible Mushroom,Red Pepper (2),true,sale,299,318.476,4823.23530,-29.040819661445617,1.5108544359673393,20.1,-0.67
Flower/Leaf Vegetables,The Crab Flavor Mushroom (Bag),false,sale,100,490.159,-117.83840,51.8213109370639,6.682792716871954,34.0,10.111822510822511
Flower/Leaf Vegetables,Apricot Bao Mushroom (250 G),false,sale,298,5522.000,-68.10580,62.22754657987826,1.0048890729692008,25.0,0.3634
Capsicum,Millet Pepper (Bag),false,sale,9,116.000,-17.30000,515.5869122143878,-0.8502174809265138,30.3,3.2248062015503876
Solanum,Jigu (2),false,sale,15,-6.975,3752.96050,111.90163199984667,2.208808587216918,30.0,4.30372972972973
Flower/Leaf Vegetables,Youcaitai,false,sale,244,655.806,49.00000,12096.721766106108,0.4373412645816526,37.9,8.09230588235294
Flower/Leaf Vegetables,Zhijiang Red Bolt (Bag),false,sale,6,257.000,-82.60000,4518.480618739216,2.9784192098286586,56.9,12.253975
Capsicum,Longyacai,true,sale,2,18.631,12.18260,6021.103816918019,9.88,12.8,5.84956796769852
Edible Mushroom,Net Lotus Root (1),false,sale,524,680.361,161.26580,2318.806364603396,1.2131256084267958,-4.7,0.1405
Flower/Leaf Vegetables,Eggplant (2),false,sale,280,400.000,11905.31640,113.13503208854665,1.3645966571299233,29.2,0.24214285714285713
Edible Mushroom,Red Hang Pepper,false,sale,125,21.000,1982.10000,230.79548986171721,2.0735308019415535,32.1,1.681159420289855
Capsicum,Spinach,false,return,129,4346.229,121.49340,-11.089805982573091,1.9235164998305272,43.8,-0.775
Edible Mushroom,Needle Mushroom (1),true,sale,74,0.843,30582.00640,54.14614261306765,1.523082588543084,18.6,1.098502512562814
Flower/Leaf Vegetables,Green Hangjiao (1),true,return,20,3.390,88.10000,-11.778498912811283,0.43340887174383474,56.1,1.040888888888889
Capsicum,Yunnan Shengcai,false,sale,9,3823.636,-46.60000,-259.2507200134442,2.726920227678871,39.5,12.163240694789081
Flower/Leaf Vegetables,The White Mushroom (Bag),false,sale,462,-10.000,628.10000,-8.524256087454987,2.9794010769198294,29.1,1.5454545454545454
Flower/Leaf Vegetables,Fruit Pepper (Bag),false,sale,5,27.805,60176.70000,-3.4068089324139397,0.8708659406695421,35.2,0.7723611111111112
Capsicum,Needle Mushroom (2),false,sale,403,3.553,15144.96640,34.43916496627686,1.992649861787712,6.0,6.233148854961832
Aquatic Tuberous Vegetables,Wuhu Green Pepper (1),false,sale,11,133.000,212.90000,-7.688610219345092,4.8377304882685355,38.7,5.260714285714286
Flower/Leaf Vegetables,Zhijiang Red Bolt,true,sale,743,97.000,595.70000,-5.767607698577731,2.096142988555909,-11.3,2.008
Cabbage,7 Colour Pepper (Bag),true,sale,10,344.436,98.16920,2.683939551773046,0.08974881585439022,0.4,1.6666666666666667
Cabbage,Caixin,false,sale,88,4901.786,31920.35020,18.58629661445613,0.40758433824380186,3.3,-1.1666666666666667
Capsicum,7 Colour Pepper (1),false,sale,48,17.000,15073.59700,1394.738525358035,4.8788800330708675,30.4,13.37046004842615
Capsicum,Radish Leaves,false,sale,100,-17.019,2103.81820,7114.946897939585,5.814372737420016,26.1,4.849056603773585
Flower/Leaf Vegetables,Ice Grass (Box),true,sale,21,18.736,383.75300,25.402170371932975,0.2908967060852048,-28.0,1.5525833333333334
Capsicum,Yunnan Lettuce (Bag),false,sale,597,73.174,18770.21240,37.983958178482105,-0.338056190338298,21.4,2.245
Flower/Leaf Vegetables,Xiaozhoupi (Bag),false,return,53,25.750,5294.10000,14072.536892624881,2.3090117938232417,38.4,12.830993288590603
Flower/Leaf Vegetables,Honghu Lotus Root Powder (Fenou),false,sale,12,4.981,607.90000,18.8298,7.271961773099033,13.7,1.0
Capsicum,Caidian Quinoa Artemisia (Bag),false,sale,185,50.000,2035.70000,453.99156449918513,2.12382782133652,29.0,-1.5
Edible Mushroom,Zhijiang Qinggengsanhua,false,sale,69,759.159,2420.41760,151.29591030244828,-7.444880165303548,-6.0,0.3553
Capsicum,Zhijiang Qinggengsanhua,false,sale,22,-4.020,655.80000,-7.408542423038634,10.829074291163854,-6.1,1.5113636363636365
Edible Mushroom,Perilla,false,sale,21,-3.000,559.00000,-15.82561988555908,2.116517204625319,22.4,2.0208333333333335
Flower/Leaf Vegetables,Malan Head,false,sale,413,3266.170,4588.99480,8318.87652784647,2.2095329348522146,9.3,3.44436
Capsicum,Bell Pepper (2),true,sale,99,1473.000,1189.71680,1141.853490302793,6.6243801912311655,38.2,0.7391313131313131
Flower/Leaf Vegetables,Yuxingcao ,false,sale,33,251.000,309.00000,956.5876380365269,5.8871878608703625,49.0,0.7803030303030303
Solanum,Round Eggplant (1),false,sale,3,415.325,25.90120,808.0667132088657,-1.4803598982747392,-28.6,1.6603333333333334
Edible Mushroom,Apricot Bao Mushroom (Bag),false,sale,3,-0.339,-6.10200,-1.9220621353408813,5.066999990463255,50.7,0.5846666666666667
Flower/Leaf Vegetables,Garden Chrysanthemum,false,return,1,1.754,6.71000,-12.623329752044675,2.3617000572204585,33.7,0.623
Flower/Leaf Vegetables,The Crab Flavor Mushroom (1),false,sale,5,-6.000,-21.02060,22.052150834465017,5.669799809265136,9.3,2.357142857142857
Flower/Leaf Vegetables,Big Broccoli,false,return,14,3.000,8.72200,-5.883478345553286,1.4911999999999992,28.0,-0.34244444444444444
Flower/Leaf Vegetables,Green And Red Jian Pepper Mix (Bag),false,return,9,1.246,28.06400,3.3999569936008447,0.6113443044471738,46.9,-0.339
Capsicum,Purple Hot Peppers,true,return,2,-0.894,17.90000,-0.7528799952316285,-0.25095999841054284,26.4,1.25
Edible Mushroom,Spinach (Bag),false,sale,3,0.671,-26.90000,2.9426782712966912,2.027079959945678,31.5,-1.2
Edible Mushroom,Broccoli,true,sale,4,-3.082,83.50000,-1.9042020622558589,1.9372199724494084,-12.1,0.671
Capsicum,Haixian Mushroom (1),false,sale,1,33.000,6.20000,2.606284587597655,0.45995002145767183,14.8,1.0
Aquatic Tuberous Vegetables,Wild Lotus Root (1),true,sale,2,5.000,-8.94000,2.6520300572204576,2.1330000667572016,21.3,-0.447
Capsicum,7 Colour Pepper (2),false,return,1,-0.176,-4.54080,-1.7823626002832027,10.127060228881835,39.3,-0.176
Flower/Leaf Vegetables,Sweet Chinese Cabbage,false,return,1,-0.262,-8.80320,-9.370176547090146,6.125440915527346,18.2,-0.262
Flower/Leaf Vegetables,Sichuan Red Cedar,false,return,4,-4.205,-32.93800,-1.6048655198681647,2.211674995231628,28.4,-1.05125
Edible Mushroom,The Fungus Mushroom Hot Pot Package (Bag),true,sale,2,5.000,-10.72800,8.1196072,4.468600095367431,71.8,1.25
Edible Mushroom,The White Mushroom (2),false,sale,2,0.943,42.70000,5.0319002193450935,8.6104,37.2,0.4715
Capsicum,Ganlanye,true,return,5,6.000,19.70000,-3.993108487471008,0.8231000343322755,12.1,-0.449
Flower/Leaf Vegetables,Green Hot Peppers,false,sale,4,-0.898,11.31600,5.173390953674314,1.1795901907348627,25.5,1.2
Aquatic Tuberous Vegetables,High Melon (1),false,return,1,-0.304,-8.99840,-1.611807895629883,5.301999656677246,17.9,-0.304
Edible Mushroom,Needle Mushroom (Bag) (1),false,return,1,-1.000,-3.90000,-1.3748499332427975,1.3748499332427975,35.3,-1.0
Capsicum,Lameizi,false,return,1,-0.604,-4.83200,-2.1019200115203858,3.4800000190734863,43.5,-0.604
Edible Mushroom,Yunnan Lettuces,true,sale,867,899.837,3274.66080,358.3249899331748,-5.145182408707231,17.8,12.901621015348288
Edible Mushroom,The White Mushroom (Box),false,sale,602,64.767,3506.08860,5605.405021461435,3.8532923456715475,31.6,0.21693333333333334
Edible Mushroom,Ice Grass,true,sale,20,8.000,1193.40810,10.16405518097626,-1.1256399727521624,21.2,13.22972972972973
Aquatic Tuberous Vegetables,Red Hang Pepper (Bag),true,sale,27,304.563,19429.20920,2970.6921438685977,0.028766376641013426,20.2,5.162084745762712
Flower/Leaf Vegetables,Mushroom And Leaf Mix (Bag),true,sale,45,10927.673,191878.93240,38715.16644121702,2.446090810151851,-21.7,7.625737288135594
Edible Mushroom,Needle Mushroom (Bag) (2),true,sale,222,3473.412,742.61300,13557.412968337707,3.483555520940709,4.0,2.698625
Capsicum,Xixia Black Mushroom (1),false,sale,59,1442.187,9408.10000,-20.99104962141113,2.564318839127761,32.2,2.0
Aquatic Tuberous Vegetables,Xiaoqingcai (Bag),true,sale,24,393.876,412.47160,-10.307792495337527,9.04388704521704,33.2,1.0070833333333333
Flower/Leaf Vegetables,Apricot Bao Mushroom (2),true,sale,847,3389.000,2048.91450,3948.38905502199,-2.129926615039335,39.3,1.1250227272727273
Capsicum,The Steak Mushrooms (Box),false,sale,6,844.000,89.93200,75.3033188269281,-1.0346499411900838,5.5,3.630434782608696
Flower/Leaf Vegetables,Jigu (Bag),true,sale,6,24.170,299.84990,7677.858191240507,1.432525205899476,26.0,1.4976273764258554
Flower/Leaf Vegetables,Bell Pepper (1),false,sale,293,625.000,39.09360,168.59478984336835,2.279827884215123,17.5,0.31177777777777776
Edible Mushroom,Miantiaocai,false,sale,190,167.000,484.30000,7452.250638465448,0.23933068474371683,38.5,3.0994
Edible Mushroom,Paopaojiao (Jingpin),false,sale,4,15.000,564.04650,-40.070961935102225,1.419290025431315,-28.2,0.386
Edible Mushroom,Jigu Mushroom (1),true,sale,15,394.000,19550.90000,1199.6298140435786,1.1902173788651167,16.0,0.81685
Aquatic Tuberous Vegetables,Niushou Shengcai,true,sale,118,2937.000,3077.60000,-15.366398817443844,1.538103976586188,-54.9,2.794736842105263
Edible Mushroom,Sichuan Red Cedar,false,sale,24,15.497,120.60000,562.3418785027317,-3.4134318026676476,-64.7,-0.48775
Flower/Leaf Vegetables,Xixia Mushroom (1),true,sale,9,24.000,15.30000,187.32418079512584,2.3094000047683716,45.0,5.1652892561983474
Edible Mushroom,Green Eggplant (1),true,sale,263,17.000,23157.22240,-26.223819237060546,-0.9796003051757813,31.1,6.7387768817204305
Edible Mushroom,Millet Pepper,false,sale,473,2506.825,40825.22260,0.6072102384185795,1.207702111836009,32.8,2.2868
Edible Mushroom,Shanghaiqing,true,sale,8,49.501,91.80000,116.31580615291747,1.1435536755995312,42.3,11.184818481848184
Flower/Leaf Vegetables,Changxianqie,false,sale,121,5.469,1528.40000,42.05239872858124,2.30588768682058,54.5,3.7017543859649122
Edible Mushroom,High Melon (1),false,sale,21,4.181,1167.40000,27.936143650535584,4.305030095367432,-36.6,1.25
Flower/Leaf Vegetables,Hongshujian,true,sale,11,2077.000,-8.87200,8447.991040042267,4.597091050544739,28.9,4.104166666666667
Flower/Leaf Vegetables,Hongshan Shoutidai,false,sale,12,16.337,44.50000,5.035668847691497,3.748285571999312,41.7,-0.3592
Flower/Leaf Vegetables,Fresh Sea (2),false,sale,96,2497.040,538.52800,201.74999778270725,-3.6180664314270015,15.7,1.5
Capsicum,Tea Tree Mushroom (Bag),false,sale,5,3.474,28.33130,1348.80560354778,-2.758853199818929,-16.7,0.7649545454545454
Flower/Leaf Vegetables,Xiaoqingcai (2),true,sale,2,8.418,38.22800,-336.2205267539424,1.8618308174385223,36.8,1.1428571428571428
Flower/Leaf Vegetables,Water Chestnut (Lingjiao),false,sale,44,24.996,15.92840,-150.98141837749944,0.29087002380268834,32.1,1.5454545454545454
Edible Mushroom,Jicai,false,sale,5,6.838,8766.50000,21.19804549732132,2.754395594187419,-1.2,2.3956594684385384
Capsicum,Green Line Pepper (Bag),false,sale,372,-3.902,229.82040,20.211482562596895,-0.12865974467001248,47.9,0.9115
Edible Mushroom,Agaricus Bisporus (Box),true,return,46,3.254,2833.30000,-8.901449029139709,1.0489719882180186,-395.5,0.6968333333333333
Capsicum,Agaricus Bisporus (Box),true,sale,44,102.906,63.20000,-136.79964599878312,2.1558399904632566,38.9,7.088737201365188
Solanum,Honghu Lotus Root,false,sale,303,531.000,26310.19140,34.44024076293945,-57.925,-24.3,5.279154334038055
Solanum,Ping Mushroom,false,return,228,-1.796,183.71100,-4.246177591703033,6.247563651969211,11.5,4.006242214532872
Flower/Leaf Vegetables,Chuncai,true,sale,24,3.000,71.26330,-176.0,0.8736332812786104,28.4,1.0415
Capsicum,Green Line Pepper,false,sale,21,33.658,-42.05100,209.64321806967695,2.776108295294142,14.0,0.32561904761904764
Aquatic Tuberous Vegetables,Honghu Lotus (Lotus Root),false,sale,2,16.000,14.50000,0.8399999141693115,0.7585300410079954,26.2,1.5
Edible Mushroom,The Crab Flavor Mushroom (Box),false,sale,5,3.000,6.00000,3.792650205039977,10.314819895962806,14.0,2.0
Edible Mushroom,The Steak Mushrooms,true,sale,8,6.602,187.40360,68.35120689746002,-1.9336750000000005,36.5,0.6001818181818181
Capsicum,Bell Pepper (Bag),true,sale,11,5.000,116.00000,-30.938800000000004,0.2799999713897705,-26.7,1.0
Edible Mushroom,Tremella (Flower),false,return,1,-1.000,-4.90000,-2.312139895095825,2.312139895095825,47.2,-1.0
Flower/Leaf Vegetables,Big Broccoli,false,sale,2,-0.825,-6.22700,-1.6993851943710325,2.0692498664855954,-48.4,2.078
Flower/Leaf Vegetables,Muercai,true,return,3,6.234,18.70200,-9.043663443287661,-1.450699942779541,27.3,-0.4125
Capsicum,Zhuyecai (Bag),false,return,1,-1.000,-9.46960,-0.3765299999999998,-13.242940000000004,13.0,-0.5433333333333333
Flower/Leaf Vegetables,Shanghaiqing,false,return,3,1.215,92.09700,-0.956530042915344,0.3765299999999998,-17.5,-1.0
Flower/Leaf Vegetables,High Melon (2),false,sale,1,-0.172,-2.90000,-16.090172100000004,0.956530042915344,23.6,0.30375
Edible Mushroom,Chicken Fir Bacteria,false,return,4,-1.000,-2.90000,-2.2382267244441225,1.32268,33.0,-1.0
Aquatic Tuberous Vegetables,Green And Red Hang Pepper Mix (Bag),false,return,1,-1.630,-3.06160,0.36266880126464857,-2.108539542236329,-11.8,-0.172
Capsicum,Broccoli,true,sale,1,-2.000,-3.18000,-0.38128205054473874,0.0671999618530279,1.1,1.0
Flower/Leaf Vegetables,Kuaicai,false,return,1,-0.265,-33.80000,-5.560000038146972,5.932859999999998,-56.2,-0.265
Cabbage,Black Chicken Fir Bacteria (Box),true,return,2,0.419,9.90000,-25.81265980926513,1.438800190734863,30.0,-1.0
Edible Mushroom,Red Oak Leaf,true,sale,1,1.589,9.53400,2.4858683399999992,-5.560000038146972,76.4,1.589
Flower/Leaf Vegetables,Pepper Mix,false,sale,2,1.000,8.29620,0.10678073938446134,12.906329904632566,12.0,0.2095
Edible Mushroom,Haixian Mushroom (Bag) (3),true,return,1,-1.000,-3.00000,0.6749820928878786,1.051000033378601,35.0,0.487
Solanum,Changxianqie,false,sale,1,0.487,2.92200,-1.051000033378601,1.3860001907348636,23.1,-1.0
Flower/Leaf Vegetables,Machixian,false,return,1,-0.252,-1.51200,-0.17216636635437005,0.6831998664855954,11.4,-0.252
Capsicum,Yunnan Lettuces,true,sale,115,96.890,4539.20000,18452.873011191947,4.365854455288973,12.6,3.7228
Flower/Leaf Vegetables,Apricot Bao Mushroom (1),true,sale,769,355.027,37.90000,-483.7851320687685,1.3257911454173372,5.2,8.569834248079035
Edible Mushroom,Dongmenkou Xiaobaicai,true,sale,458,2045.000,74.45600,17.879551061303104,0.06831409618530256,26.7,31.016379807692307
Aquatic Tuberous Vegetables,Caixin (Bag),true,sale,485,883.000,52264.43840,7193.630869997238,3.24756003121116,26.8,1.9858
Flower/Leaf Vegetables,Red Hang Pepper (Bag),false,sale,12,18.614,15930.70140,-3.7469045229682276,0.13458665396262848,31.3,1.4
Edible Mushroom,Green Eggplant (2),false,sale,40,7807.119,12120.30300,52.36373389651457,2.674425349413654,18.0,12.52129662077597
Edible Mushroom,Xixia Xianggu Mushroom (Bag),false,sale,65,160.000,1014.61700,640.0421815219162,-4.120411829618917,36.1,4.629032258064516
Capsicum,Chinese Caterpillar Fungus Flowers (Bag),false,sale,314,1927.000,89.90000,3350.047440286106,3.6156435941187546,-0.6,1.5
Capsicum,Chinese Caterpillar Fungus Flowers (Bag),false,sale,170,0.715,1142.19850,19.897408776044845,1.7626066849454236,17.9,1.8604651162790697
Edible Mushroom,Artemisia Stelleriana,false,sale,95,5.000,77.40110,14013.117761662597,0.07352022492005675,9.9,4.915816326530612
Edible Mushroom,Mushroom And Leaf Mix (Bag),true,sale,102,8.000,429.54800,4558.75933479465,4.106601175536352,38.5,0.17875
Flower/Leaf Vegetables,Xianzongye (Bag) (2),true,sale,799,7.000,5849.50000,32.49413038146973,2.536871906728798,27.0,1.6666666666666667
Edible Mushroom,Xiaoqingcai (Bag),true,sale,248,10004.516,6459.20000,-5.575640729560931,0.05371079169570537,-3.9,2.0
Flower/Leaf Vegetables,Yunnan Leaf Lettuce (Bag),true,sale,10,3449.169,1142.42000,459.78343892234795,3.928736167846681,26.9,2.42225
Flower/Leaf Vegetables,Haixian Mushroom (Bag),true,sale,22,6451.407,24039.69200,8550.306526269054,-0.9458458320244092,29.1,5.461953846153846
Capsicum,Lotus Root Tip,false,sale,673,911.107,571.75240,1032.8336397978153,1.919529515275615,45.8,4.485265279583875
Edible Mushroom,Huangbaicai (2),true,sale,199,537.000,68643.33660,-166.51273156402596,0.29991293944601854,10.1,0.2875392156862745
Flower/Leaf Vegetables,Powcan Mountain Chinese Cabbage ,true,sale,88,3434.000,41.27750,15463.627309394142,3.6866875887121378,26.7,1.463
Flower/Leaf Vegetables,Apricot Bao Mushroom (2),false,sale,52,27.797,433.80400,63.4777595560907,3.4769291005211507,35.6,2.948566343042071
Edible Mushroom,Jigu (Bag),false,sale,72,5050.200,65.05970,3959.5070798519223,3.452328627832438,12.9,0.4791666666666667
Edible Mushroom,Chinese Caterpillar Fungus Flowers,true,sale,86,289.000,226.20000,135.7694890022182,1.2123246593944896,10.3,0.37345454545454543
Flower/Leaf Vegetables,Embroidered Aureus,true,sale,392,1.674,4233.30000,47.673559809265086,0.4656083167331796,8.4,1.793103448275862
Flower/Leaf Vegetables,Zhuyecai,true,sale,4,1751.066,12566.18220,306.135774926929,0.22347974498297685,26.1,5.170635371179039
Flower/Leaf Vegetables,Chinese Cabbage,false,sale,3,110.112,57183.15980,740.4365925352832,0.27784827443633725,40.7,3.1724927835051546
Flower/Leaf Vegetables,Dalong Eggplant,true,sale,4,5.273,116.16940,10.122309737739473,2.911669999767886,4.3,2.9145728643216082
Edible Mushroom,Green Hot Peppers,true,sale,11,29.329,658.30000,6.92638148278351,1.7817412814103644,32.0,2.0113636363636362
Aquatic Tuberous Vegetables,Red Pepper (1),false,sale,58,1148.000,32.99100,5060.782884527571,0.24615643086633024,14.9,3.5408846153846154
Flower/Leaf Vegetables,Green Hangzhou Pepper (2),false,sale,208,2368.151,11058.40000,4839.069641763916,1.9308786673803515,29.9,5.125
Flower/Leaf Vegetables,Powcan Mountain Chinese Cabbage ,false,sale,309,1538.659,218.11060,-2.6139691035461423,2.1224998950958245,40.1,18.16931216931217
Capsicum,Shanghai Green (Bag),false,sale,1,-1.000,25297.68460,445.73313768596637,1.4067900953674313,-42.4,1.0195555555555555
Edible Mushroom,Water Chestnut (Bag),false,sale,5,10.000,357.66400,175.82877086609528,1.9325000286102298,23.1,0.3295625
Capsicum,The Red Bell Pepper (1),true,sale,189,4.108,914.80000,134.59888018035278,0.6670947740737154,10.9,6.512738853503185
Capsicum,Green Hang Pepper (Bag),false,sale,234,104.000,7981.15460,11.032802035619733,2.227929961853027,51.9,5.194117647058824
Flower/Leaf Vegetables,Mustard,true,sale,19,5.750,1315.70000,-2.227929961853027,1.3976299961853025,39.0,1.3526315789473684
Capsicum,Huangxincai (2),false,sale,25,2691.845,570.80000,14.226299961853023,0.5888482651207818,45.2,4.7105263157894735
Flower/Leaf Vegetables,Luosi Pepper (Bag),true,sale,86,2213.513,1171.81320,11.671878951399844,0.32602572630985427,-3.2,3.36046511627907
Solanum,Yuganjiao,true,sale,5,95.000,1818.70000,22.37934207662581,1.4716949177736287,1.5,0.3348
Flower/Leaf Vegetables,Amaranth,false,sale,19,216.000,575.90000,5710.727071268335,-0.28686394468688964,21.0,2.458
Capsicum,Honghu Lotus Root Powder (Fenou),false,sale,108,15.000,11332.50000,3625.5842317323704,1.0519999504089355,45.5,7.483188034188034
Solanum,The Agaricus Bisporus,false,sale,16,33.907,10.15300,9876.363133489089,1.833497797426479,24.1,1.8782608695652174
Edible Mushroom,Haixian Mushroom (1),false,sale,5,49.645,23.50000,140.79428239372254,4.429758055344397,32.7,1.5412272727272727
Flower/Leaf Vegetables,Red Hot Peppers (Bag),false,sale,911,128.500,39.20000,54.49714843951244,5.996002213969086,30.8,-1.0
Aquatic Tuberous Vegetables,Caidian Quinoa Artemisia (Bag),true,sale,114,580.000,-4.90000,24.642626614456184,2.946729309756057,36.5,2.0
Flower/Leaf Vegetables,Perilla,false,sale,472,177.000,59.00000,1.517759929656982,2.087521525577306,-6.9,7.504011887072808
Flower/Leaf Vegetables,Yellow Xincai (1),false,sale,762,184.126,16620.52680,7.033950476837156,4.626401301229342,34.4,5.703061440677966
Capsicum,Green Line Pepper,false,return,40,369.000,30808.25410,15.720000457763675,1.553121523841859,32.1,2.9048727034120736
Edible Mushroom,The Crab Flavor Mushroom (2),false,sale,5,46.702,394.30000,130.438200440836,5.104682022888184,35.7,2.375
Flower/Leaf Vegetables,Muercai (Bag),false,sale,7,16.000,-4.71200,48.99999999999999,1.4000000000000001,44.7,5.833333333333333
Flower/Leaf Vegetables,Aihao,false,return,1,-1.000,61.61040,10.118676416336058,11.53749988555908,26.4,1.1428571428571428
Edible Mushroom,Chinese Cabbage (Bag),false,return,2,4.000,69.40000,-3.3707299427795405,5.20999984741211,40.0,1.194
Aquatic Tuberous Vegetables,Water Chestnut,false,sale,11,6.009,79.20000,-1.8838575550628662,3.3707299427795405,23.4,1.5017142857142858
Edible Mushroom,Xiangtianhongcaitai (Bag),false,sale,3,2.388,136.50000,20.86999912261963,1.6092657108797346,38.8,-0.589
Flower/Leaf Vegetables,Xianzongye,false,sale,6,35.000,-8.90000,19.9296510717392,1.4590857238224575,35.9,-1.0
Flower/Leaf Vegetables,Chopped Red Pine,false,sale,1,-0.589,43.32000,27.552389745941163,2.3172728972001515,37.9,1.3333333333333333
Flower/Leaf Vegetables,Black Porcini (Box),false,sale,14,10.512,114.27420,26.945579914169308,3.198399923706055,17.4,0.5462727272727272
Edible Mushroom,Purple Cabbage (2),false,return,5,5.000,-30.50000,21.72999954223633,0.03140002861022939,1.6,-1.0
Capsicum,Bell Pepper (Bag),true,sale,1,-5.000,2.00000,-8.793849837875365,4.326666641235352,25.9,1.6666666666666667
Capsicum,Chopped Red Pine (Box),false,sale,2,1.000,84.00000,0.03140002861022939,1.758769967575073,23.6,0.3075
Cabbage,Luosi Pepper (Bag),false,sale,3,0.615,9.02400,2.1325067363708494,3.1604998092651364,28.8,1.0
Edible Mushroom,Jigu Mushroom (Bunch),false,return,2,-2.000,-11.80000,-3.3444399904632576,1.6722199952316288,28.3,-1.0
Cabbage,Xixia Mushroom (1),true,return,1,-0.589,-4.71200,-0.24349639999999992,1.5123999999999995,8.4,-0.161
Edible Mushroom,Qinggengsanhua,false,return,1,-0.161,-2.89800,-1.1575027550628663,1.965199923706055,24.6,-0.589
Edible Mushroom,Machixian,false,sale,56,9.483,36211.20000,-3.0038508487701443,0.9019455071316357,13.5,7.3096861313868615
Flower/Leaf Vegetables,Amaranth (Bag),true,sale,25,186.564,233.20000,351.2426235451433,0.20962893129382776,18.2,2.3076923076923075
Edible Mushroom,Haixian Mushroom (Bunch),true,sale,1,-5.693,111.16200,0.776969884366989,2.6037500441074375,22.4,0.4358947368421053
Capsicum,Apricot Bao Mushroom (1),true,sale,39,644.000,1252.86980,347.79095889034994,0.5448199980926514,-0.8,0.63290625
Flower/Leaf Vegetables,Wawacai,true,sale,19,1602.899,-39.13900,90.28824260814646,1.1002208748117142,0.5,8.107493150684931
Aquatic Tuberous Vegetables,Green Hot Peppers (Bag),false,sale,32,163.640,2424.60000,225.37849297760468,3.3177887867823395,31.0,2.425
Capsicum,Apricot Bao Mushroom (Bag),false,sale,30,1001.427,609.84860,-24.990000724792477,5.273866079576316,7.3,0.395125
Edible Mushroom,Chinese Cabbage Seedling,false,sale,462,45.599,185.00000,3600.5427515695596,1.2550317306358845,44.5,3.6581176470588237
Flower/Leaf Vegetables,Water Chestnut,false,sale,389,8.153,110.10000,15.049383179739376,7.952134930086638,26.7,-0.8132857142857143
Flower/Leaf Vegetables,Xiaozhoupi,false,sale,38,124.000,3353.60510,228.10880845242568,1.5507424556654452,23.8,1.793076923076923
Edible Mushroom,Jigu (2),true,sale,27,293.000,1580.97000,-8.783172189149473,4.723549892210831,8.0,18.231362467866322
Flower/Leaf Vegetables,Huangbaicai (2),false,sale,137,3.787,10377.73540,-1.8167648883567884,0.3517516703919569,18.5,3.263157894736842
Capsicum,Huangbaicai (2),true,sale,374,1412.000,19477.78740,137.6921142362216,0.12920554919946844,22.5,3.903030303030303
Flower/Leaf Vegetables,Zhijiang Red Bolt (Bag),true,sale,165,52.458,435.91680,1663.0401604959122,1.1290309454337444,30.9,7.285904545454545
Cabbage,Hongshujian (Bag),true,sale,190,56.000,55660.22660,13386.523892026518,2.5332847148218716,15.9,1.652929292929293
Capsicum,Hongshujian (Bag),true,sale,357,155.000,2646.51730,-0.7495350489807132,1.3618754061830967,20.3,1.7356734693877551
Solanum,Chinese Cabbage (Bag),true,sale,5,572.000,147.10000,56.759678046710846,-0.7642732633972171,24.8,3.370833333333333
Flower/Leaf Vegetables,The White Mushroom (2),true,sale,220,251.000,74.18460,26.637836846252444,0.09566003045163822,25.3,17.371266233766235
Flower/Leaf Vegetables,Sweet Chinese Cabbage,true,return,99,245.000,283.54200,2261.9472497010433,0.0008958492894308168,37.0,0.6794166666666667
Flower/Leaf Vegetables,The Dandelion,false,sale,73,215.844,52.59900,385.8699115122982,0.467477811992686,10.4,4.069444444444445
Flower/Leaf Vegetables,Paopaojiao (Jingpin),false,sale,2,200.000,381.01760,1242.8329208153916,0.9970676111533511,23.4,0.19931578947368422
Flower/Leaf Vegetables,Garden Chrysanthemum (Bag),false,sale,69,52.000,1477.87320,56.88713926362992,0.17697403168854872,47.2,3.955182072829132
Edible Mushroom,Fresh Edible Fungus (2),false,sale,40,85.048,9.70000,20.0196303862381,1.7318001862182648,48.8,6.540727272727273
Flower/Leaf Vegetables,Fresh Edible Fungus (2),true,sale,33,93.240,624.90000,14.93582903053044,3.5019999504089356,31.5,0.6592653061224489
Edible Mushroom,Local Shanghaiqing,true,sale,49,101.125,1134.08080,476.18785966025337,1.7056799569865464,-2.7,7.384579710144927
Flower/Leaf Vegetables,Local Shanghaiqing,false,sale,97,8025.525,823.21930,597.6892269100952,3.820650606024485,9.3,-0.321
Flower/Leaf Vegetables,Xixia Mushroom (1),false,sale,27,1062.000,1180.00000,333.7157030326845,2.3350001525878916,12.3,3.5842105263157893
Edible Mushroom,Green Eggplant (1),false,sale,9,7092.000,212.96870,321.3136103499912,5.235682647227919,37.7,3.3076
Flower/Leaf Vegetables,Luosi Pepper,true,sale,294,-0.321,85.90000,2572.578773966548,-0.3804321118343025,4.8,6.717925
Capsicum,The White Mushroom (1),true,sale,8,45.252,251.90000,13.614213486931092,3.4379300000000006,1.7,10.4
Flower/Leaf Vegetables,Shanghai Green (Bag),true,sale,12,71.000,1169.80000,524.8000049591066,1.6141166682764552,11.0,2.3333333333333335
Edible Mushroom,Red Bell Pepper (2),false,sale,19,22.000,2313.90000,13.72847092387199,1.551043402645634,23.3,3.369565217391304
Flower/Leaf Vegetables,Wandoujian,true,sale,52,2177.000,989.10000,9.089132354811397,2.0008903312286472,5.9,11.0
Capsicum,Panax Notoginseng,true,sale,24,32.304,118.62000,106.89322935637894,1.3374794031056552,40.7,4.735849056603773
Flower/Leaf Vegetables,Haixian Mushroom (Bag) (2),false,sale,46,509.536,7313.10000,-6.276121596362309,0.1413253928989018,25.8,3.769230769230769
Edible Mushroom,Hongshujian,false,return,52,26.881,232.49300,11.17924050544737,1.0659768704645254,33.7,4.130770833333333
Edible Mushroom,Green And Red Jian Pepper Mix (Bag),false,sale,53,268.717,1055.62550,208.49636106939138,5.276050012516976,70.2,1.6666666666666667
Flower/Leaf Vegetables,Xianzongye (Bag) (1),false,sale,65,90.000,231.40000,11721.014603772084,0.75742883668148,48.7,25.0
Flower/Leaf Vegetables,Jigu Mushroom (Bunch),true,sale,48,8.282,444.25340,75.63445999999999,0.16019997615814208,47.8,0.48001785714285716
Flower/Leaf Vegetables,Luosi Pepper (Bag),true,sale,24,20.253,6575.20000,3509.1271352991116,1.771568957181658,21.1,2.839572192513369
Edible Mushroom,Amaranth,false,sale,5,591.847,-3.21000,27.995287788201807,0.9793911309925462,18.2,0.4665154639175258
Capsicum,Eggplant (2),false,sale,72,4.850,2635.60000,10.419997477531433,1.5938857279096328,37.3,2.6296296296296298
Flower/Leaf Vegetables,Needle Mushroom (Bag) (1),false,sale,24,681.000,116.56400,330.5123183666221,1.801900496449104,-11.9,2.4444444444444446
Edible Mushroom,Purple Beicai,false,sale,51,16.538,1921.85620,604.4760753157055,1.4958833553267568,29.1,7.404761904761905
Flower/Leaf Vegetables,Black Rapeseed,true,sale,7,198.277,107.80000,191.6755638396267,0.8177839935594059,37.0,1.82396
Solanum,Qinggengsanhua,false,sale,49,40.000,7199.50000,86.24897936103821,2.2352362186082195,-13.5,1.9428888888888889
Edible Mushroom,Dongmenkou Xiaobaicai,false,sale,2,-0.431,-4.77500,30.84255570825532,4.8059560686645515,21.7,0.632
Flower/Leaf Vegetables,Apricot Bao Mushroom (2),false,return,2,0.308,7.36120,-21.230368692631185,1.8998879909400936,25.3,-3.2632
Flower/Leaf Vegetables,Fresh Rice Dumplings Leaves,false,return,2,-0.404,122.02920,-0.3500256077056885,0.8664000190734864,48.6,0.154
Flower/Leaf Vegetables,Powcan Mountain Chinese Cabbage ,false,sale,10,6.320,-43.65420,-0.564867382316589,1.2426997329711904,11.8,-0.2155
Flower/Leaf Vegetables,Huanghuacai,true,return,5,-16.316,-1.61600,-14.012986867988282,-45.49671061035156,-190.4,-0.202
Solanum,Muercai (Bag),false,return,2,-3.715,40.29080,-2.897034652053226,4.852879980553984,44.5,-0.5307142857142857
Edible Mushroom,The White Mushroom (Box),false,sale,4,0.792,69.20000,-6.6981152399902335,-4.048290457763677,17.5,1.1
Flower/Leaf Vegetables,Agaricus Bisporus (Bag),false,sale,4,11.000,-27.14500,-3.2164924237703314,5.932859999999998,30.0,1.0
Flower/Leaf Vegetables,Amaranth,true,return,7,1.000,27.50000,6.840587579999998,0.1316000953674319,3.3,0.638
Edible Mushroom,Round Eggplant (2),false,sale,1,-2.597,2.00000,0.10422727553100607,0.25836401096725425,24.7,0.792
Flower/Leaf Vegetables,Yunnan Lettuces,true,sale,10,0.638,3.16800,30.814439769628045,0.2799999713897705,-7.2,0.5765
Edible Mushroom,Black Porcini,true,sale,1,-7.178,-18.38800,2.9067501192092853,1.4588800274181364,10.6,2.0
Flower/Leaf Vegetables,Green Butter,true,sale,1,1.153,22.82940,0.2799999713897705,1.9026856488909043,14.0,-0.64925
Flower/Leaf Vegetables,Yellow Xincai (1),false,return,2,8.000,-43.74100,-21.91797760856399,2.758400047683715,50.1,-3.589
Capsicum,Haixian Mushroom (Bag),false,return,6,-2.000,40.85360,7.269488602290037,16.299279389648433,29.7,-0.31316666666666665
Edible Mushroom,Red Pepper (1),false,return,2,-1.879,-15.60000,-8.248919885559081,4.054040063578287,17.8,0.223
Edible Mushroom,Black Porcini,false,sale,2,0.446,-27.74560,-8.242477596154632,4.1244599427795405,52.9,-1.0
Capsicum,Green Line Pepper,false,return,4,-0.570,-6.41800,-2.113655985923767,3.9565000429153447,32.9,-0.1425
Edible Mushroom,The Dandelion,true,sale,1,0.445,-5.20000,0.05681003719329847,-0.17480011444091836,-0.9,0.445
Flower/Leaf Vegetables,The Agaricus Bisporus,true,return,1,-0.325,5.29550,-0.04649344722137423,-0.10447965667724546,-1.1,-0.325
Flower/Leaf Vegetables,Xiaoqingcai (Bag),false,return,1,-2.000,-5.80000,-2.8930601049041744,1.4465300524520872,49.9,-2.0
Capsicum,Fruit Pepper (Orange),false,sale,1,0.415,2.40000,0.5072,1.3410401716613771,18.6,0.415
Flower/Leaf Vegetables,Suizhou Bubble Green,true,return,1,-0.475,-3.42000,-0.6369940815391542,3.3670599999999986,13.1,-0.475
Flower/Leaf Vegetables,Huangxincai (2),false,sale,1,0.800,10.70700,1.3973298999999995,0.6339999999999999,21.1,0.8
Edible Mushroom,Broccoli,true,sale,120,54.000,10128.42400,1.200000000000001,1.7015309007606574,43.8,9.25315
Flower/Leaf Vegetables,Machixian,false,sale,242,38.000,5492.84820,3470.898640621345,2.744929756486232,29.5,7.142361111111111
Cabbage,Hfyg Haixian Mushroom (Bunch),false,sale,70,1503.214,734.56000,1589.7200059766021,1.396336245049736,25.0,2.0
Capsicum,Dongmenkou Xiaobaicai,false,sale,26,1110.378,6015.00000,160.68421140531154,0.20000000000000018,31.6,4.472375690607735
Capsicum,Yuxingcao (Bag),false,sale,7,5.399,10716.43620,-7.709839947547913,2.180424679936036,20.9,-1.2
Capsicum,Foreign Garland Chrysanthemum  (Bag),false,sale,140,9491.183,92964.16760,1391.3418497394157,3.763532564335575,31.8,-0.32266666666666666
Capsicum,Needle Mushroom (Bag) (2),false,sale,34,86.414,56158.31980,1431.5027969196342,-1.063989205350009,-3.9,0.800030303030303
Flower/Leaf Vegetables,Zhuyecai (Bag),false,sale,288,78.000,2617.68920,-13.025580047683738,0.6914787476038493,18.8,1.6363636363636365
Flower/Leaf Vegetables,Zhuyecai (Bag),false,sale,937,879.000,9377.10000,47.9977347580336,1.953636640583067,10.1,1.9
Flower/Leaf Vegetables,Longyacai,true,sale,52,198.000,-24.40000,-1.3228929143733217,3.321620018225777,12.1,7.093269230769231
Flower/Leaf Vegetables,Haixian Mushroom (Bag) (3),true,sale,177,168.200,-155.43540,22.243534420207975,4.073666507720947,34.1,3.610169491525424
Capsicum,Bell Pepper (1),false,sale,5,-6.000,6701.70000,160.41272690605146,1.1927671592399034,34.9,41.446213973799125
Flower/Leaf Vegetables,Lotus (Ea),false,sale,461,2088.000,817.76440,3.8378754720571138,-0.733646324370889,44.1,0.8229904761904762
Edible Mushroom,Tremella (Flower),true,return,33,731.267,1112.90000,-29.21648781368896,5.985454599785085,26.5,3.7142857142857144
Cabbage,Tremella (Flower),false,sale,3,66.000,112.50000,19459.75071623487,0.11707825504500269,5.3,1.7285714285714286
Capsicum,Paopaojiao (Jingpin),false,sale,16,8.472,269.22510,680.5351254628941,1.3625211119390142,13.7,1.3529411764705883
Edible Mushroom,Yunnan Lettuce (Bag),true,sale,291,368.850,598.66540,-11.19395185251237,-0.09742423772866403,37.7,5.560909090909091
Flower/Leaf Vegetables,Millet Pepper,false,sale,33,639.000,196.60000,505.784503855526,7.8419293854534455,29.2,0.935286995515695
Flower/Leaf Vegetables,Shanghaiqing,true,sale,20,-8.712,4513.30000,1127.111326236143,0.9763284268121835,3.9,21.09090909090909
Flower/Leaf Vegetables,Xiangtianhongcaitai (Bag),false,return,27,1582.000,11680.84500,1407.6683771776927,-0.13376996430008506,25.4,0.7461428571428571
Flower/Leaf Vegetables,Ginger And Xiaomijiao Mix (Small Bag),false,sale,229,26.401,650.40000,221.8451223460389,2.861978176616317,-32.9,8.010117395944503
Edible Mushroom,Shanghai Green (Bag),true,sale,11,2057.000,84.72000,29.562802433876037,3.7595956907051593,38.8,10.590361445783133
Aquatic Tuberous Vegetables,Fruit Pepper (Bag),false,sale,223,-0.233,108.79310,355.36968215513394,3.283306493311201,11.5,3.6666666666666665
Flower/Leaf Vegetables,High Melon (2),true,sale,99,11.706,16.20000,260.93730466223695,0.8136209648695444,28.1,2.5484848484848484
Edible Mushroom,High Melon (2),true,sale,287,1408.000,6913.80000,14939.709282881264,2.135034145731294,10.2,8.498205479452055
Flower/Leaf Vegetables,Xixia Mushroom (1),true,return,29,5.223,2000.90000,134.73446880020003,1.9843573420612275,32.4,0.19763636363636364
Flower/Leaf Vegetables,Zhijiang Red Bolt,false,sale,205,259.639,276.50000,6959.23940906021,0.821376355544581,26.6,0.14942857142857144
Edible Mushroom,7 Colour Pepper (1),false,sale,77,50.815,1480.16000,4154.512875530856,0.3943153452316283,7.4,0.8191930501930502
Edible Mushroom,Wild Pink Lotus Root,true,sale,184,894.000,29224.50040,282.8809451736831,0.7703275931621734,50.2,2.3819771986970686
Flower/Leaf Vegetables,Hongshujian,false,sale,130,186.000,123.12400,-37.032499761581434,5.866643135922792,34.0,1.4666666666666666
Capsicum,Mint,false,sale,307,308.305,10.38080,389.70097579429637,3.4550942397194335,-4.0,1.412
Capsicum,Mint,true,sale,45,141.551,2907.34800,617.4466947547912,0.47672057730012324,34.2,4.706611570247934
Aquatic Tuberous Vegetables,Fresh Black Fungus (1),false,sale,6,61.170,2646.74000,2043.0024252367934,3.4945230909976717,20.6,1.7
Flower/Leaf Vegetables,Muercai,true,sale,105,208.569,4504.00000,-52.81315885943947,7.750148944836756,37.9,0.20765384615384616
Flower/Leaf Vegetables,Foreign Garland Chrysanthemum ,false,sale,3,242.000,330.60000,27.21255805504333,0.08292414299833345,29.7,-0.07766666666666666
Flower/Leaf Vegetables,Tea Tree Mushroom (Bag),false,sale,362,46.000,-3.50780,781.8608044361662,5.615373339691163,-2.5,0.731625
Edible Mushroom,Juhua Youcai,false,sale,83,3.422,76.16000,63.614080357627856,1.9898250208616255,5.1,4.838487972508591
Flower/Leaf Vegetables,Fruit Chili,false,sale,54,1139.000,4088.20000,2.8019256886923176,0.17079500437466139,74.2,0.9046655052264808
Flower/Leaf Vegetables,Millet Pepper,true,sale,66,119.000,33.28360,2636.7150010395058,0.3790964692897169,32.7,1.7522413793103448
Capsicum,Jicai,true,sale,584,6.000,154.50000,158.41827365069705,11.140982447005447,29.7,4.360975609756098
Aquatic Tuberous Vegetables,Spinach (Bag),true,sale,33,1619.000,178.30000,43.350649599456766,1.348479991416931,-14.0,2.4155844155844157
Aquatic Tuberous Vegetables,Green And Red Hang Pepper Mix (Bag),false,sale,7,7505.480,1891.40000,18.266309971389767,2.3282037060580603,38.7,1.675570652173913
Capsicum,Green And Red Hang Pepper Mix (Bag),false,sale,259,4962.952,1631.00000,9546.04720682976,5.675064272479431,31.9,1.0888538461538462
Flower/Leaf Vegetables,Qinggengsanhua,false,sale,240,6.522,6885.63240,36.55740294923095,-1.6160342911638534,28.9,6.591666666666667
Capsicum,Pepper Mix,true,sale,21,1.046,2083.50390,-1.4581702501089477,5.254669877063351,21.9,3.260767895878525
Capsicum,Bell Pepper (2),false,sale,12,212.171,39.07820,1125.4942827747034,0.7690041587193795,7.2,0.2851666666666667
Flower/Leaf Vegetables,Miantiaocai,false,sale,11,21.000,27.96520,23.937419999999953,1.2942287499999978,6.2,1.140294117647059
Aquatic Tuberous Vegetables,Hongshan Caitai,true,sale,5,19.385,55.40000,-8.268855916848755,-1.133127297002619,-29.6,0.4107272727272727
Flower/Leaf Vegetables,Changxianqie,false,sale,3,-1.114,184.98370,12.325641335144036,1.58620015258789,22.2,1.6
Flower/Leaf Vegetables,Caidian Quinoa Artemisia,true,sale,8,4.518,388.20000,-2.830178932031632,0.2516730365439018,32.8,2.625
Solanum,Fresh Lotus Root Zone (Bag),false,return,17,8.000,-8.63900,2.057917501075124,2.6943332792917887,1.1,-0.37133333333333335
Edible Mushroom,Red Hang Pepper (Bag),false,sale,4,-2.248,59.40000,-9.532800019073488,3.8363501430511473,33.8,1.5
Flower/Leaf Vegetables,Shuanggou Cabbage,false,sale,2,-4.000,-23.60000,-8.772582329322814,1.9649999745686844,40.4,-1.0
Flower/Leaf Vegetables,Black Chicken Fir Bacteria (Box),false,return,1,2.886,-25.98000,-2.8679299475479123,2.3815333396911624,58.5,-1.3333333333333333
Edible Mushroom,Green Eggplant (1),false,return,3,3.000,17.31600,5.69649010494232,2.8679299475479123,21.8,0.962
Capsicum,Mustard,false,return,2,-1.000,12.69900,12.960001373291018,4.320000457763673,32.9,2.5165
Solanum,Agaricus Bisporus (Box),true,sale,3,5.033,-4.90000,0.8868875000000008,0.3718750000000003,7.0,-0.562
Edible Mushroom,Jigu (Bag),false,return,1,-1.000,4.90000,0.4868899332427983,1.3546300000000002,27.6,1.0
Flower/Leaf Vegetables,Red Coral (Leaf),false,sale,1,1.000,-2.30000,1.3546300000000002,-0.4868899332427983,-21.2,-1.0
Edible Mushroom,White Jelly Mushroom,false,sale,1,0.682,13.50360,4.053030676097411,5.942860228881834,30.0,0.682
Edible Mushroom,Ping Mushroom,false,return,2,-0.531,-3.71700,-1.1146679865627287,2.202999985694885,30.0,-0.2655
Aquatic Tuberous Vegetables,Lotus (Ea),true,sale,3,7.000,9.70000,-1.2604903290176397,-0.26487671593983975,-13.0,2.3333333333333335
Edible Mushroom,Net Lotus Root (1),true,sale,503,420.000,43221.87880,18.302321887283334,0.055666802629615444,2.8,29.163895486935868
Edible Mushroom,Net Lotus Root (1),false,sale,275,9896.000,938.00000,2393.773301288308,0.2776429262313842,11.3,22.87731928838951
Aquatic Tuberous Vegetables,Amaranth (Bag),false,sale,237,951.000,9363.16040,1883.967551539039,0.9032789608753519,21.1,12.954890995260664
Solanum,Purple Cabbage (1),false,sale,16,268.718,3172.95960,47789.0244315753,2.3086330584923513,12.2,1.1697106918238993
Edible Mushroom,Xiaoqingcai (1),false,sale,56,24.000,2818.80000,2816.7046515802544,0.27109867397816945,45.9,1.1290322580645162
Edible Mushroom,Green Eggplant (2),false,sale,633,11.398,425.00000,1818.0967045476962,6.081991329853668,42.7,1.8721804511278195
Edible Mushroom,Xixia Xianggu Mushroom (Bag),false,sale,6,-7.000,216.17000,32739.543858289922,1.5383301170955517,-6.8,0.6564191176470588
Capsicum,Honghu Lotus (Lotus Root),true,sale,421,1046.897,7668.20800,69.50804987602231,1.979649351147066,42.9,0.434
Capsicum,Wild Lotus Root (2),false,sale,120,1183.000,6162.40000,213.7337937820437,0.866985986366601,5.4,14.393272727272727
Capsicum,Red Pepper (2),true,sale,9,24432.977,18940.55330,1593.3449951094408,10.401799932774322,37.4,5.392857142857143
Flower/Leaf Vegetables,Needle Mushroom (Box),false,sale,136,2733.482,192829.38640,-70.89555007829799,0.5365805137308159,39.3,1.6090898203592814
Flower/Leaf Vegetables,Haixian Mushroom (Bag),false,sale,5,302.000,114443.92460,368.2942213494493,0.12774050588625452,33.9,2.6666666666666665
Aquatic Tuberous Vegetables,Millet Pepper (Bag),false,sale,352,13099.440,124.86740,21876.259799756805,0.36140003719329855,-2.5,1.8996666666666666
Aquatic Tuberous Vegetables,Millet Pepper (Bag),false,sale,56,14.227,1395.93800,219.56360496864298,4.736375719059121,16.7,2.0114857651245552
Aquatic Tuberous Vegetables,Fresh Edible Fungus (Bag),true,sale,15,440.000,15433.80000,1747.7807037868133,1.2066730256689069,33.6,6.807111111111111
Aquatic Tuberous Vegetables,Yellow Baicai (1),false,sale,77,8.674,26578.91380,7560.294699943496,2.533059120103742,-26.3,12.70556741028128
Flower/Leaf Vegetables,Chinese Caterpillar Fungus Flowers,false,sale,447,38.303,34072.03200,34.098420740244585,1.6073475998200004,33.5,0.6185652173913043
Aquatic Tuberous Vegetables,Garden Chrysanthemum,false,sale,400,89.273,1744.60000,-11.785760286102299,3.8639348956205204,24.8,2.1610714285714288
Aquatic Tuberous Vegetables,Sweet Chinese Cabbage,true,sale,5,279.000,51014.00000,2621.622275217224,-3.043973377838135,14.9,1.8667914691943128
Solanum,Haixian Mushroom (Bag) (3),false,sale,8,132.177,4048.00000,23.95696590746035,-3.7335598016357436,32.3,2.8333333333333335
Edible Mushroom,Kuaicai,false,sale,4,36.665,367.58400,-5.519743056366921,1.6018946545222352,28.6,1.2258125
Flower/Leaf Vegetables,Eggplant (2),false,sale,9,497.231,1039.05060,4.502716548930912,2.2577532554091904,8.4,8.153
Edible Mushroom,Siguajian,false,sale,6,2098.000,57339.80000,7.749860228881836,0.28496514944514406,19.6,0.8281875
Capsicum,Local Xiaomao Cabbage,true,sale,1068,1130.455,554.50000,370.665363032685,2.5355431124237273,32.9,-0.4324
Flower/Leaf Vegetables,Green Hot Peppers,false,sale,211,61.264,13330.66320,-2.894267129955295,2.691033265725843,32.1,0.7995
Flower/Leaf Vegetables,Hongshan Caitai,true,return,318,194.000,43.60000,367.6150167136532,1.90005696006577,35.5,2.5
Edible Mushroom,Yunnan Lettuce (Bag),false,sale,1031,2.170,8054.18080,8750.852122584489,0.8453034953847596,32.8,7.436939449541285
Cabbage,Jigu Mushroom (1),false,sale,167,12278.000,30.81400,10952.42410842758,-0.7659486367848717,33.6,12.594726495726496
Flower/Leaf Vegetables,Sichuan Red Cedar,false,sale,545,4940.000,5622.84400,78.77540103950514,9.316337728071106,-142.5,4.808943089430894
Capsicum,Basil (Bag),true,sale,351,13.251,15702.71820,148.94400975442892,1.5435400476837164,18.9,3.6665
Flower/Leaf Vegetables,Ginger And Xiaomijiao Mix (Small Bag),false,sale,256,287.753,-70.40000,-16.601686485183436,2.9284315080666943,41.8,1.4754629080118695
Flower/Leaf Vegetables,The Crab Flavor Mushroom (1),false,sale,11,99.000,7800.92060,19199.176802365582,1.7442721282067233,15.3,14.46896551724138
Flower/Leaf Vegetables,Needle Mushroom (2),false,sale,48,128.879,439.30000,14894.61853889192,1.307543213902542,26.0,3.5
Capsicum,Red Pepper (Bag),false,sale,52,87.000,672.80760,402.3966009775163,8.129065292855245,19.8,19.67395626242545
Flower/Leaf Vegetables,Red Pepper (2),false,sale,72,-0.426,136.50000,92.1017013050358,0.9012068355112912,67.6,3.458181818181818
Cabbage,7 Colour Pepper (2),true,sale,26,313.808,634.00000,15.209651913449925,2.16219999332428,8.5,-1.1666666666666667
Flower/Leaf Vegetables,High Melon (1),false,sale,2,89.683,1144.80000,641.0947108364106,1.2125736871822923,31.2,2.09798997995992
Capsicum,Eggplant (1),true,sale,246,121.020,49.82500,6584.27265913096,0.9493800047683714,30.6,2.603550295857988
Capsicum,Xiaoqingcai (2),false,sale,51,1181.679,1122.17740,181.70378926410672,2.7082155555555563,21.1,0.5782666666666667
Solanum,Huangxincai (2),false,sale,77,17.000,286.49060,4478.436278368395,8.93909999289711,42.9,0.3868989898989899
Flower/Leaf Vegetables,Fruit Chili,true,sale,23,226.632,743.91800,-62.122241525878906,2.600336190395354,50.9,5.470588235294118
Edible Mushroom,Spinach (Bag),false,sale,31,414.673,4670.30000,127.35011804019925,4.75716436777294,33.7,1.7165844155844157
Flower/Leaf Vegetables,Naibaicai,false,sale,133,35.081,21290.30000,-104.88737269416744,1.3147122912781053,32.4,3.109704641350211
Flower/Leaf Vegetables,Lameizi,false,sale,169,737.000,180.25260,62.54021184893609,-0.5651388325451046,-5.8,12.35
Solanum,Xiaozhoupi (Bag),true,sale,15,5066.432,-13.19000,-1.5001648483813472,1.1252469412448773,32.8,2.7948666666666666
Edible Mushroom,Honghu Lotus Root Powder (Fenou),true,sale,99,41.923,29.35560,3163.5017029507194,-0.5002647412351279,34.1,1.5616753246753248
Edible Mushroom,Round Eggplant (2),false,sale,10,120.249,29.80000,157.23610489462052,3.507030076293944,-9.6,9.519015659955258
Edible Mushroom,Ping Mushroom,false,sale,337,4255.000,279.20000,1836.9622600700793,1.5054084254699913,20.5,5.994854166666666
Capsicum,Haixian Mushroom (1),true,return,145,35.000,148.17400,180.11971812123593,2.3027736361716977,19.7,1.9038461538461537
Capsicum,Needle Mushroom (Bag) (1),true,sale,65,249.000,373.70000,1150.0491151424353,2.6797421394768013,25.1,1.789986111111111
Capsicum,Red Hot Peppers (Bag),true,sale,562,4053.132,1096.56900,-2.7524743797024454,4.912502353232174,34.5,3.3461538461538463
Flower/Leaf Vegetables,Zhijiang Qinggengsanhua,false,sale,6,4420.749,305.30000,48.01500008106232,2.793492229844325,12.6,-0.213
Capsicum,Net Lotus Root (2),true,sale,499,371.968,-7.60260,-8.099434714846804,1.9094666973961734,50.2,2.9846153846153847
Flower/Leaf Vegetables,Yellow Xincai (1),true,sale,16,-2.162,1361.17230,1981.4937720109106,0.9423950071525566,13.2,14.1645
Aquatic Tuberous Vegetables,Wild Lotus Root (1),false,sale,165,6.396,4427.34800,55.37144000000002,2.7949656567654952,26.0,2.513169696969697
Aquatic Tuberous Vegetables,Wild Lotus Root (1),false,return,27,10.000,240.69040,100.17262194339357,-0.789817294795681,-1.1,1.2992962962962964
Capsicum,Niushou Youcai,true,sale,5,1.509,-14.60120,-5.0642540342483136,0.6101360104904174,-10.3,1.0
Flower/Leaf Vegetables,Artemisia Stelleriana,true,sale,9,0.184,12.40000,3.0506800524520874,-1.1099998474121087,36.5,0.16766666666666666
Flower/Leaf Vegetables,Purple Screw Pepper,false,sale,20,10.585,130.45990,-0.20423997192382798,1.5881800257492062,24.6,0.52925
Capsicum,Basil (Bag),true,sale,1,-3.183,1.98720,4.509999704360963,10.018888833787706,18.3,0.184
Flower/Leaf Vegetables,Red Pepper (1),false,sale,5,3.000,44.57240,23.884846276624444,2.1065599047231034,34.7,-0.6366
Edible Mushroom,Velvet Antler Mushroom (Box),false,return,3,5.000,14.70000,16.272009810829164,1.5033332347869877,30.7,1.0
Edible Mushroom,The Crab Flavor Mushroom (Bag),false,sale,1,8.412,166.55760,7.823449961853027,2.607816653951009,86.8,1.0
Edible Mushroom,Xixia Black Mushroom (2),false,return,3,-1.000,-100.00000,-86.77000009536744,5.329526526794432,31.9,-1.0
Edible Mushroom,Hericium ,false,sale,12,2.851,24.50000,44.789036683189686,86.77000009536744,26.9,0.701
Flower/Leaf Vegetables,Yuxingcao ,true,sale,6,3.000,23.94840,7.060105655848388,2.4812132951863606,29.5,0.4751666666666667
Edible Mushroom,Needle Mushroom (1),false,return,2,-2.430,-19.07100,0.4952095582128905,0.8044000762939447,6.7,-0.486
Capsicum,Zhijiang Red Bolt,false,sale,5,0.268,2.95320,-0.40380883829956027,3.03846004196167,39.1,0.134
Flower/Leaf Vegetables,Red Hot Peppers,true,return,1,-0.502,-6.02400,-7.4541347991630555,1.969604694824218,16.8,-0.502
Flower/Leaf Vegetables,Red Line Pepper,false,return,1,-1.431,-10.64200,-0.1283215719238281,2.650999895095825,11.6,-0.7155
Capsicum,Caixin,false,return,2,-0.092,-1.10400,-2.8392057843170164,1.3947996948242185,26.7,-0.092
Capsicum,Red Hang Pepper,false,return,1,-0.601,-8.41400,-3.252251365610504,5.411399942779541,38.7,-0.601
Edible Mushroom,Black Mushroom (Bag),true,sale,1,3.000,2.90000,-0.07347004768371601,-0.07347004768371601,-2.5,1.0
Capsicum,7 Colour Pepper (Bag),false,sale,3,1.000,18.70000,9.486589952316283,3.162196650772094,50.7,1.0
Edible Mushroom,Chinese Cabbage,false,sale,871,7150.068,-183.12840,15086.622210911353,1.3982250031974603,23.6,-0.6362758620689655
Flower/Leaf Vegetables,Broccoli,false,sale,29,20550.230,117.59820,29644.03661336306,2.0458702780172846,23.3,11.186073170731706
Flower/Leaf Vegetables,Xixia Black Mushroom (1),false,return,817,15227.576,11.50920,1450.5127642490909,-0.21277958682948525,37.0,0.47564285714285715
Flower/Leaf Vegetables,Needle Mushroom (Bag) (3),true,sale,701,1375.887,229.25410,-5.457383070276642,1.191273810010454,26.0,-0.453
Edible Mushroom,Hfyg Haixian Mushroom (Bunch),false,sale,1012,-8.000,42737.80000,364.5897860970878,2.212733202997843,24.8,31.79286107921929
Aquatic Tuberous Vegetables,Naibaicai,false,sale,842,6.659,64715.03220,49547.72024849703,2.1526433398292446,32.2,1.3446666666666667
Capsicum,Wawacai,true,sale,123,28.238,2294.70000,-39.09416037867752,5.9697156036542225,21.2,11.957081545064378
Flower/Leaf Vegetables,Black Chicken  Mushroom,false,sale,7,8358.000,55850.70000,-12.238670228881835,2.8339235008684076,40.8,4.045454545454546
Edible Mushroom,Foreign Garland Chrysanthemum  (Bag),true,sale,332,89.000,124973.83220,30.517110526275644,7.656558488080895,24.6,2.585605734767025
Capsicum,Red Bell Pepper (2),true,return,5,27691.582,389.29140,5.721460171661378,1.848623738676825,35.0,10.199811697574892
Edible Mushroom,Xixia Xianggu Mushroom (2),false,sale,57,64.251,27700.49240,84.63160585866927,2.237716551066431,21.3,20.30655138339921
Flower/Leaf Vegetables,Needle Mushroom (Box),true,sale,279,0.828,201466.97800,6859.782634784521,2.7596974967936774,31.6,18.085007125890737
Flower/Leaf Vegetables,The Local Yellow Youcai,false,sale,10,721.384,4139.89780,3163.8265221100532,4.364285823277065,35.1,2.619293103448276
Cabbage,Yunnan Leaf Lettuce (Bag),true,sale,105,182.506,-33.10000,-0.00891787585693458,5.094854908513161,33.7,2.751650746268657
Edible Mushroom,Purple Screw Pepper,false,sale,699,381.612,6423.74680,14401.58251536328,-0.10525374816764428,23.7,1.3231897590361446
Edible Mushroom,Xixia Black Mushroom (2),false,sale,19,14419.000,120.24640,166.95563950424807,2.7971451502799987,29.7,0.2952
Edible Mushroom,Fresh Edible Fungus (Bag),true,sale,22,-18.452,21050.57260,-36.44488866485594,0.9245930698859116,11.7,9.17448524590164
Flower/Leaf Vegetables,Yellow Baicai (1),false,sale,21,2798.218,59882.81460,400.34268159690436,5.548309366081047,12.0,1.0
Capsicum,Haixian Mushroom (Bag) (4),true,sale,287,2.000,38523.28360,1911.4820403594974,0.5367499380111695,-5.3,1.9375
Flower/Leaf Vegetables,Wuhu Green Pepper (1),false,sale,91,31.000,4856.75240,1471.3150919136315,-0.19371998241662985,28.4,5.504449275362319
Edible Mushroom,Zhuyecai,false,sale,178,1139.421,930.76660,2528.424753931376,2.6444877368394497,42.0,0.414
Flower/Leaf Vegetables,Dalong Eggplant,false,sale,58,301.000,3606.55080,20651.39186247556,1.9992313438115434,9.0,0.9564599303135889
Edible Mushroom,Needle Mushroom (1),false,sale,2,147.380,5.00000,14535.277681787475,2.7252488593924262,37.0,0.6197912087912087
Flower/Leaf Vegetables,Yunnan Shengcai,false,sale,180,2138.000,47.40000,2436.682725664975,1.20318453533402,21.5,1.025314606741573
Capsicum,Luosi Pepper,false,return,6,151.919,13083.18040,7.932062184287097,1.6269600231606618,-13.7,7.0710440636474905
Edible Mushroom,Naibai Caimiao,false,sale,5,921.803,-22.58700,-20.808405554562626,29.776043865195824,24.2,0.2976315789473684
Flower/Leaf Vegetables,Red Pepper (Bag),false,sale,69,439.299,462.30000,58.07995206034089,3.7065799843944207,-7.9,5.530608695652174
Flower/Leaf Vegetables,The Red Bell Pepper (1),true,sale,443,1.476,1123.90680,1.60182019878149,0.5603611034926514,35.6,32.54853273137697
Capsicum,7 Colour Pepper (2),false,sale,305,11.000,7960.00000,1563.3936383079927,0.24534444552803802,24.0,-1.1428571428571428
Flower/Leaf Vegetables,Caixin,false,sale,207,230.000,8518.05530,197.6640081137191,3.4309998569488527,34.5,2.3333333333333335
Capsicum,Caidian Quinoa Artemisia,true,sale,14,5777.043,873.66150,1.073499876022339,0.4099700206828117,12.7,2.0469444444444442
Capsicum,Cabbage Stem (Bag),true,sale,6,1019.000,10015.63400,-6.50687978542328,1.832242543444044,7.2,6.558282208588957
Flower/Leaf Vegetables,Honghu Lotus Root,false,sale,129,16.829,48.70000,80.5280645904132,0.6761640095367433,-0.1,1.1
Solanum,Muercai,true,sale,72,6.000,707.30000,1896.4572478798368,0.3691843950634439,37.9,2.1904761904761907
Edible Mushroom,Jigu Mushroom (Bunch),false,sale,326,274.504,586.88700,9076.368406022822,7.027353122919919,6.6,5.661111111111111
Flower/Leaf Vegetables,Green Line Pepper (Bag),false,sale,2,56.401,774.10000,63.19303910680961,-0.010770381469727752,24.3,2.8048333333333333
Capsicum,Red Hot Peppers,false,sale,16,-2.718,168.29000,4666.792274538213,5.569480870629685,35.7,1.2
Capsicum,Huanghuacai,false,sale,335,5.655,12.60000,325.19236776840205,5.919563511718744,15.9,1.1272105263157894
Flower/Leaf Vegetables,The Pork Stomach Mushroom (Box),true,sale,5,5.000,94.53000,60.36493353038215,0.044506577657062486,-2.8,8.63925
Edible Mushroom,The Pork Stomach Mushroom (Box),true,sale,1,2.000,297.19200,11.879999160766605,2.375999832153321,9.2,1.0
Edible Mushroom,Water Chestnut,false,sale,8,1.348,64.00000,-5.360000228881836,-2.680000114440918,18.6,2.0
Aquatic Tuberous Vegetables,Round Eggplant,false,sale,6,7.658,15.40000,27.324468899880983,9.837333328564961,-34.8,0.4493333333333333
Solanum,Foreign Garland Chrysanthemum ,true,sale,3,69.114,18.84800,-0.5231669322937029,0.2880113374103201,63.9,1.2763333333333333
Flower/Leaf Vegetables,Niushou Youcai,false,return,5,5.000,-4.50000,-0.07125298915195463,0.9034878931884769,56.7,1.25
Edible Mushroom,Xiaoqingcai (1),false,sale,1,-1.000,-24.73380,-1.5499999523162842,2.9661400023841864,9.7,-0.3854
Flower/Leaf Vegetables,The Steak Mushrooms (Box),false,return,5,-0.455,-0.91000,15.148679961853029,-2.189999809265137,-10.8,0.797
Edible Mushroom,Haixian Mushroom (Bag) (1),true,return,1,-1.000,-5.00000,-2.5385763696002175,0.15659997615814203,-43.8,-1.0
Edible Mushroom,Spinach,true,sale,4,-1.927,26.70000,2.189999809265137,-0.14485608392333954,7.8,-0.455
Flower/Leaf Vegetables,Haixian Mushroom (Bag) (2),true,return,1,3.985,23.46240,-2.4006933724070745,1.5499999523162842,34.4,-1.0
Aquatic Tuberous Vegetables,Chinese Caterpillar Fungus Flowers (Box) (2),false,sale,1,-0.221,-12.90000,-4.413530019073486,1.1033825047683714,30.7,1.0
Flower/Leaf Vegetables,Cabbage Stem (Bag),false,return,1,-4.000,12.90000,-0.6778070042152404,3.067000019073486,50.1,-0.221
Edible Mushroom,Red Lotus Root Zone,false,return,4,1.000,-2.21000,6.464230000000001,6.464230000000001,34.2,-1.0
Flower/Leaf Vegetables,Needle Mushroom (Bag),true,sale,1,0.141,3.50000,1.4373201597898937,10.193759998509885,79.6,1.0
Edible Mushroom,Purple Beicai,false,sale,1,1.000,1.80480,3.069949998509884,3.069949998509884,87.7,0.141
