item_a,item_name_a,item_b,item_name_b,co_occurrence_count,affinity_rank
102900005116714,Broccoli,102900011016701,Wuhu Green Pepper (1),178945,1
102900005116530,Xixia Mushroom (1),102900011016701,Wuhu Green Pepper (1),137452,1
102900005116530,Xixia Mushroom (1),102900005116714,Broccoli,129385,2
102900005116899,Net Lotus Root (1),102900011016701,Wuhu Green Pepper (1),119551,1
102900005115779,Yunnan Shengcai,102900011016701,Wuhu Green Pepper (1),114506,1
102900005116714,Broccoli,102900005116899,Net Lotus Root (1),108865,2
102900005115779,Yunnan Shengcai,102900005116714,Broccoli,105575,2
102900005116530,Xixia Mushroom (1),102900005116899,Net Lotus Root (1),99980,3
102900005115779,Yunnan Shengcai,102900005116530,Xixia Mushroom (1),94657,3
102900005116257,Eggplant (2),102900011016701,Wuhu Green Pepper (1),90260,1
102900005116714,Broccoli,102900005117056,Paopaojiao (Jingpin),73520,3
102900005116530,Xixia Mushroom (1),102900005117056,Paopaojiao (Jingpin),71424,4
102900005115779,Yunnan Shengcai,102900005116899,Net Lotus Root (1),70843,4
102900011000328,Luosi Pepper,102900011016701,Wuhu Green Pepper (1),68761,1
102900005116257,Eggplant (2),102900005116714,Broccoli,67376,2
102900005115984,Yunnan Lettuces,102900011016701,Wuhu Green Pepper (1),66437,1
102900005115779,Yunnan Shengcai,102900005117056,Paopaojiao (Jingpin),65437,5
102900011016701,Wuhu Green Pepper (1),106949711300259,Needle Mushroom (Box),61858,1
102900005115984,Yunnan Lettuces,102900005116714,Broccoli,61224,2
102900005115984,Yunnan Lettuces,102900005116530,Xixia Mushroom (1),57015,3
102900005116714,Broccoli,102900011000328,Luosi Pepper,56673,4
102900005116899,Net Lotus Root (1),102900005117056,Paopaojiao (Jingpin),52837,2
102900005116257,Eggplant (2),102900005116530,Xixia Mushroom (1),52615,3
102900005116233,Red Pepper (1),102900011016701,Wuhu Green Pepper (1),51687,1
102900005115960,Chinese Cabbage,102900005117056,Paopaojiao (Jingpin),49680,1
102900011016701,Wuhu Green Pepper (1),102900011030059,Yunnan Lettuce (Bag),49662,2
102900005117056,Paopaojiao (Jingpin),102900011009970,Qinggengsanhua,48099,1
102900005115786,Zhuyecai,102900011016701,Wuhu Green Pepper (1),47436,1
102900005115823,Shanghaiqing,102900011016701,Wuhu Green Pepper (1),46392,1
102900005116530,Xixia Mushroom (1),102900011000328,Luosi Pepper,45193,5
102900005115984,Yunnan Lettuces,102900005117056,Paopaojiao (Jingpin),45167,4
102900011016701,Wuhu Green Pepper (1),102900011034026,Zhijiang Qinggengsanhua,44534,3
102900011008164,Naibaicai,102900011016701,Wuhu Green Pepper (1),42650,1
102900005125808,Millet Pepper,102900011016701,Wuhu Green Pepper (1),42533,1
102900005116257,Eggplant (2),102900005116899,Net Lotus Root (1),41780,4
102900005115984,Yunnan Lettuces,102900005116899,Net Lotus Root (1),41479,5
102900005115823,Shanghaiqing,102900005116714,Broccoli,41320,2
102900005115960,Chinese Cabbage,102900005116530,Xixia Mushroom (1),40957,2
102900005115250,Xixia Black Mushroom (1),102900011016701,Wuhu Green Pepper (1),40834,1
102900005118817,Spinach,102900011016701,Wuhu Green Pepper (1),40470,1
102900005116714,Broccoli,102900011009970,Qinggengsanhua,40378,5
102900005115960,Chinese Cabbage,102900005116714,Broccoli,39835,3
102900005115786,Zhuyecai,102900005116714,Broccoli,38416,2
102900011016701,Wuhu Green Pepper (1),102900011031100,Millet Pepper (Bag),38245,4
102900005115823,Shanghaiqing,102900005116530,Xixia Mushroom (1),36847,3
102900005116233,Red Pepper (1),102900005116714,Broccoli,36742,2
102900011016701,Wuhu Green Pepper (1),102900051010455,Huangbaicai (2),36115,5
102900005116547,Needle Mushroom (1),102900005117056,Paopaojiao (Jingpin),35249,1
102900011009970,Qinggengsanhua,102900011016701,Wuhu Green Pepper (1),34838,1
102900005115762,Amaranth,102900011016701,Wuhu Green Pepper (1),34277,1
102900005116257,Eggplant (2),102900011000328,Luosi Pepper,32995,5
102900005119975,Hongshujian,102900011016701,Wuhu Green Pepper (1),32299,1
102900005116899,Net Lotus Root (1),102900011000328,Luosi Pepper,31724,3
102900005116547,Needle Mushroom (1),102900005116714,Broccoli,31569,2
102900005115823,Shanghaiqing,102900005117056,Paopaojiao (Jingpin),31497,4
102900005116233,Red Pepper (1),102900005116530,Xixia Mushroom (1),31227,3
102900005117056,Paopaojiao (Jingpin),102900051010455,Huangbaicai (2),30828,2
102900005118831,Wawacai,102900011016701,Wuhu Green Pepper (1),30815,1
102900005115960,Chinese Cabbage,102900005116899,Net Lotus Root (1),30475,4
102900005115878,Garden Chrysanthemum,102900011016701,Wuhu Green Pepper (1),30378,1
102900005116899,Net Lotus Root (1),102900005118817,Spinach,29699,4
102900005115878,Garden Chrysanthemum,102900005116530,Xixia Mushroom (1),27984,2
102900011030059,Yunnan Lettuce (Bag),106949711300259,Needle Mushroom (Box),27615,1
102900005117056,Paopaojiao (Jingpin),102900005125808,Millet Pepper,27595,3
102900005115878,Garden Chrysanthemum,102900005116714,Broccoli,27354,3
102900005115823,Shanghaiqing,102900005116899,Net Lotus Root (1),27198,5
102900005116899,Net Lotus Root (1),106949711300259,Needle Mushroom (Box),27079,5
102900005116547,Needle Mushroom (1),102900011016701,Wuhu Green Pepper (1),27054,3
102900005117056,Paopaojiao (Jingpin),102900011000328,Luosi Pepper,26715,4
102900005122654,Zhijiang Red Bolt,102900011016701,Wuhu Green Pepper (1),26618,1
102900005115908,Caixin,102900005116714,Broccoli,26454,1
102900005115250,Xixia Black Mushroom (1),102900005116714,Broccoli,26125,2
102900011034026,Zhijiang Qinggengsanhua,106949711300259,Needle Mushroom (Box),26022,1
102900005115960,Chinese Cabbage,102900011016701,Wuhu Green Pepper (1),25819,5
102900005116233,Red Pepper (1),102900005116899,Net Lotus Root (1),25789,4
102900005115908,Caixin,102900005116530,Xixia Mushroom (1),25616,2
102900005115908,Caixin,102900005117056,Paopaojiao (Jingpin),25010,3
102900005115861,Niushou Youcai,102900005116530,Xixia Mushroom (1),24995,1
102900005115786,Zhuyecai,102900005116530,Xixia Mushroom (1),24702,3
102900005115878,Garden Chrysanthemum,102900005116899,Net Lotus Root (1),23701,4
102900005115861,Niushou Youcai,102900005117056,Paopaojiao (Jingpin),23505,2
102900005115762,Amaranth,102900005116714,Broccoli,23432,2
102900005117056,Paopaojiao (Jingpin),102900005125815,Apricot Bao Mushroom (1),23258,5
102900011030059,Yunnan Lettuce (Bag),102900011034026,Zhijiang Qinggengsanhua,23147,2
102900005115861,Niushou Youcai,102900005116714,Broccoli,22701,3
102900005115786,Zhuyecai,102900011000328,Luosi Pepper,22587,4
102900005115786,Zhuyecai,102900005116257,Eggplant (2),22521,5
102900005115908,Caixin,102900011016701,Wuhu Green Pepper (1),22434,4
102900005116547,Needle Mushroom (1),102900005116899,Net Lotus Root (1),22191,4
102900005116233,Red Pepper (1),102900005116257,Eggplant (2),21662,5
102900005115762,Amaranth,102900005115779,Yunnan Shengcai,20631,3
102900005115861,Niushou Youcai,102900005116899,Net Lotus Root (1),20491,4
102900011000328,Luosi Pepper,102900011009970,Qinggengsanhua,20489,2
102900011031100,Millet Pepper (Bag),106949711300259,Needle Mushroom (Box),20100,1
102900005115250,Xixia Black Mushroom (1),102900005116257,Eggplant (2),19564,3
102900005116547,Needle Mushroom (1),102900011009970,Qinggengsanhua,19409,5
102900005119975,Hongshujian,102900011000328,Luosi Pepper,19384,2
102900005116837,Ping Mushroom,102900005117056,Paopaojiao (Jingpin),18253,1
102900011030059,Yunnan Lettuce (Bag),102900011030097,Yunnan Leaf Lettuce (Bag),18188,3
102900005125808,Millet Pepper,102900011000328,Luosi Pepper,18008,2
102900005125808,Millet Pepper,102900011009970,Qinggengsanhua,17713,3
102900011032251,Luosi Pepper (Bag),106949711300259,Needle Mushroom (Box),17359,1
102900005115908,Caixin,102900005116899,Net Lotus Root (1),17350,5
102900011030059,Yunnan Lettuce (Bag),102900011031100,Millet Pepper (Bag),17148,4
102900005115878,Garden Chrysanthemum,102900005117056,Paopaojiao (Jingpin),16636,5
102900011000328,Luosi Pepper,102900051010455,Huangbaicai (2),16354,3
102900005125815,Apricot Bao Mushroom (1),102900011016701,Wuhu Green Pepper (1),16079,1
102900011030097,Yunnan Leaf Lettuce (Bag),106949711300259,Needle Mushroom (Box),15975,1
102900005116837,Ping Mushroom,102900005116899,Net Lotus Root (1),15787,2
102900005116509,Green Eggplant (1),102900005116714,Broccoli,15542,1
102900011009970,Qinggengsanhua,102900051010455,Huangbaicai (2),15465,2
102900011033906,Powcan Mountain Chinese Cabbage ,106949711300259,Needle Mushroom (Box),15433,1
102900005116837,Ping Mushroom,102900011016701,Wuhu Green Pepper (1),15324,3
102900011030059,Yunnan Lettuce (Bag),102900011032251,Luosi Pepper (Bag),14970,5
102900005118831,Wawacai,106949711300259,Needle Mushroom (Box),14938,2
102900005118817,Spinach,102900011000328,Luosi Pepper,14854,2
102900011031100,Millet Pepper (Bag),102900011034026,Zhijiang Qinggengsanhua,14730,2
102900005115250,Xixia Black Mushroom (1),102900005116899,Net Lotus Root (1),14710,4
102900011000328,Luosi Pepper,102900011008164,Naibaicai,14602,4
102900005116509,Green Eggplant (1),102900011016701,Wuhu Green Pepper (1),14515,2
102900005115250,Xixia Black Mushroom (1),102900005117056,Paopaojiao (Jingpin),14430,5
102900005115861,Niushou Youcai,102900005115960,Chinese Cabbage,14263,5
102900005119975,Hongshujian,102900051010455,Huangbaicai (2),14180,3
102900011034231,Cabbage Stem (Bag),106949711300259,Needle Mushroom (Box),14103,1
102900005115762,Amaranth,102900005116257,Eggplant (2),14087,4
102900011030097,Yunnan Leaf Lettuce (Bag),102900011034026,Zhijiang Qinggengsanhua,14009,2
102900005116943,Red Hang Pepper,102900011016701,Wuhu Green Pepper (1),13692,1
102900005115762,Amaranth,102900005116530,Xixia Mushroom (1),13671,5
102900011032251,Luosi Pepper (Bag),102900011034026,Zhijiang Qinggengsanhua,13669,2
102900011000328,Luosi Pepper,102900051004294,Green Line Pepper,13389,5
102900005119975,Hongshujian,102900011009970,Qinggengsanhua,12955,4
102900011006689,Dongmenkou Xiaobaicai,102900011016701,Wuhu Green Pepper (1),12873,1
102900011009970,Qinggengsanhua,102900051004294,Green Line Pepper,12526,3
102900005116509,Green Eggplant (1),102900005116530,Xixia Mushroom (1),12469,3
102900005125808,Millet Pepper,102900051010455,Huangbaicai (2),12442,4
102900011033906,Powcan Mountain Chinese Cabbage ,102900011034026,Zhijiang Qinggengsanhua,12386,2
102900011034026,Zhijiang Qinggengsanhua,102900011034231,Cabbage Stem (Bag),12316,2
102900005125815,Apricot Bao Mushroom (1),102900011009970,Qinggengsanhua,12186,2
102900005116790,Yellow Xincai (1),102900011016701,Wuhu Green Pepper (1),12106,1
102900005118817,Spinach,102900011009970,Qinggengsanhua,11997,3
102900005125808,Millet Pepper,102900051004294,Green Line Pepper,11931,5
102900005116509,Green Eggplant (1),102900005117056,Paopaojiao (Jingpin),11598,4
102900005116790,Yellow Xincai (1),102900005117056,Paopaojiao (Jingpin),11505,2
102900011008522,Sweet Chinese Cabbage,102900011016701,Wuhu Green Pepper (1),11319,1
102900011030110,Spinach (Bag),106949711300259,Needle Mushroom (Box),11046,1
102900005119975,Hongshujian,102900005125808,Millet Pepper,10953,5
102900011021842,Honghu Lotus Root Powder (Fenou),106949711300259,Needle Mushroom (Box),10883,1
102900011031100,Millet Pepper (Bag),102900011032251,Luosi Pepper (Bag),10749,3
102900011033944,Apricot Bao Mushroom (2),106949711300259,Needle Mushroom (Box),10745,1
102900005118824,High Melon (1),102900011016701,Wuhu Green Pepper (1),10693,1
102900005118817,Spinach,102900005125808,Millet Pepper,10617,4
102900011030097,Yunnan Leaf Lettuce (Bag),102900011031100,Millet Pepper (Bag),10584,3
102900005115793,Chinese Cabbage,102900005116714,Broccoli,10543,1
102900005125815,Apricot Bao Mushroom (1),102900011000328,Luosi Pepper,10470,3
102900005115946,Muercai,102900011016701,Wuhu Green Pepper (1),10349,1
102900005125815,Apricot Bao Mushroom (1),102900051010455,Huangbaicai (2),9719,4
102900005116226,Green Hot Peppers,102900011016701,Wuhu Green Pepper (1),9599,1
102900005115946,Muercai,102900005116714,Broccoli,9594,2
102900005118817,Spinach,102900011008164,Naibaicai,9451,5
102900005116226,Green Hot Peppers,102900005116530,Xixia Mushroom (1),9427,2
102900005115885,Caidian Quinoa Artemisia,102900011016701,Wuhu Green Pepper (1),9418,1
102900005115793,Chinese Cabbage,102900011016701,Wuhu Green Pepper (1),9401,2
102900005115793,Chinese Cabbage,102900005116530,Xixia Mushroom (1),9357,3
102900011033944,Apricot Bao Mushroom (2),102900011034026,Zhijiang Qinggengsanhua,9261,2
102900005116943,Red Hang Pepper,102900005117056,Paopaojiao (Jingpin),9236,2
102900005116226,Green Hot Peppers,102900005116714,Broccoli,9235,3
102900005116837,Ping Mushroom,102900011009970,Qinggengsanhua,9175,4
102900005116790,Yellow Xincai (1),102900005116899,Net Lotus Root (1),9148,3
102900011032251,Luosi Pepper (Bag),102900011034231,Cabbage Stem (Bag),8991,3
102900005118831,Wawacai,102900011034026,Zhijiang Qinggengsanhua,8972,3
102900011032022,Xiaozhoupi (Bag),106949711300259,Needle Mushroom (Box),8963,1
102900051004294,Green Line Pepper,102900051010455,Huangbaicai (2),8886,1
102900005122654,Zhijiang Red Bolt,106949711300259,Needle Mushroom (Box),8846,2
102900011030097,Yunnan Leaf Lettuce (Bag),102900011034231,Cabbage Stem (Bag),8820,4
102900011030097,Yunnan Leaf Lettuce (Bag),102900011032251,Luosi Pepper (Bag),8814,5
102900011034026,Zhijiang Qinggengsanhua,102900011034224,Xiaoqingcai (Bag),8673,3
102900005119098,The Agaricus Bisporus,102900011016701,Wuhu Green Pepper (1),8535,1
102900005118831,Wawacai,102900011030059,Yunnan Lettuce (Bag),8467,4
102900005115168,Niushou Shengcai,102900011016701,Wuhu Green Pepper (1),8452,1
102900011013274,The White Mushroom (Bag),102900011016701,Wuhu Green Pepper (1),8451,1
102900011030110,Spinach (Bag),102900011034026,Zhijiang Qinggengsanhua,8417,2
102900011034224,Xiaoqingcai (Bag),106949711300259,Needle Mushroom (Box),8297,1
102900011031100,Millet Pepper (Bag),102900011033906,Powcan Mountain Chinese Cabbage ,8238,4
102900005116509,Green Eggplant (1),102900005116899,Net Lotus Root (1),8234,5
102900011008522,Sweet Chinese Cabbage,102900051010455,Huangbaicai (2),8030,2
102900011031100,Millet Pepper (Bag),102900011034231,Cabbage Stem (Bag),8027,5
102900005116837,Ping Mushroom,102900005118817,Spinach,8002,5
102900005115793,Chinese Cabbage,102900005117056,Paopaojiao (Jingpin),7912,4
102900011008164,Naibaicai,102900011009970,Qinggengsanhua,7827,2
102900011032022,Xiaozhoupi (Bag),102900011034026,Zhijiang Qinggengsanhua,7700,2
102900011008164,Naibaicai,102900051010455,Huangbaicai (2),7649,3
102900011021842,Honghu Lotus Root Powder (Fenou),102900011034026,Zhijiang Qinggengsanhua,7444,2
102900005116226,Green Hot Peppers,102900005117056,Paopaojiao (Jingpin),7338,4
102900011030110,Spinach (Bag),102900011031100,Millet Pepper (Bag),7309,3
102900005118831,Wawacai,102900011000328,Luosi Pepper,7227,5
102900011009277,Water Chestnut,102900011016701,Wuhu Green Pepper (1),7217,1
102900011021842,Honghu Lotus Root Powder (Fenou),102900011030059,Yunnan Lettuce (Bag),7178,3
102900011032251,Luosi Pepper (Bag),102900011033906,Powcan Mountain Chinese Cabbage ,7109,4
102900011034330,Agaricus Bisporus (Box),106949711300259,Needle Mushroom (Box),7099,1
102900005116790,Yellow Xincai (1),102900011009970,Qinggengsanhua,6993,4
102900005116226,Green Hot Peppers,102900005116899,Net Lotus Root (1),6952,5
102900011008522,Sweet Chinese Cabbage,102900011009970,Qinggengsanhua,6940,3
102900011033920,Huangxincai (2),106949711300259,Needle Mushroom (Box),6897,1
102900005122654,Zhijiang Red Bolt,102900011000328,Luosi Pepper,6864,3
102900005115793,Chinese Cabbage,102900005115984,Yunnan Lettuces,6829,5
102900011023464,Xiaoqingcai (1),106949711300259,Needle Mushroom (Box),6774,1
102900011022849,The Local Yellow Youcai,102900011034026,Needle Mushroom (Box),6694,2
102900011033920,Huangxincai (2),106949711300259,Zhijiang Qinggengsanhua,6694,1
102900005122654,Zhijiang Red Bolt,102900011009970,Qinggengsanhua,6594,4
102900011008164,Naibaicai,102900051004294,Green Line Pepper,6545,4
102900011008164,Naibaicai,106949711300259,Needle Mushroom (Box),6539,5
102900011030110,Spinach (Bag),102900011034231,Cabbage Stem (Bag),6509,4
102900005115199,Sichuan Red Cedar,102900011016701,Wuhu Green Pepper (1),6484,1
102900005116219,Red Hot Peppers,102900011016701,Wuhu Green Pepper (1),6458,1
102900005125815,Apricot Bao Mushroom (1),102900051004294,Green Line Pepper,6347,5
102900011035078,Red Pepper (2),106949711300259,Needle Mushroom (Box),6275,1
102900005122654,Zhijiang Red Bolt,102900005125808,Millet Pepper,6267,5
102900011030110,Spinach (Bag),102900011032251,Luosi Pepper (Bag),6246,5
102900005116943,Red Hang Pepper,102900011009970,Qinggengsanhua,6082,3
102900005115168,Niushou Shengcai,102900005116530,Xixia Mushroom (1),5969,2
102900005115748,White Caitai,102900011016701,Wuhu Green Pepper (1),5949,1
102900011032251,Luosi Pepper (Bag),102900011033944,Apricot Bao Mushroom (2),5870,5
102900005116943,Red Hang Pepper,102900011000328,Luosi Pepper,5848,4
102900005115885,Caidian Quinoa Artemisia,102900005116714,Broccoli,5822,2
102900011021842,Honghu Lotus Root Powder (Fenou),102900011031100,Millet Pepper (Bag),5797,4
102900005116943,Red Hang Pepper,102900005125808,Millet Pepper,5635,5
102900011030141,Shanghai Green (Bag),102900011034026,Zhijiang Qinggengsanhua,5511,1
102900011033944,Apricot Bao Mushroom (2),102900011034231,Cabbage Stem (Bag),5483,3
102900011032022,Xiaozhoupi (Bag),102900011032251,Luosi Pepper (Bag),5447,3
102900011030141,Shanghai Green (Bag),106949711300259,Needle Mushroom (Box),5400,2
102900011033906,Powcan Mountain Chinese Cabbage ,102900011034224,Xiaoqingcai (Bag),5379,3
102900011022849,The Local Yellow Youcai,102900011034026,Zhijiang Qinggengsanhua,5363,2
102900005115946,Muercai,102900005116530,Xixia Mushroom (1),5360,3
102900005116790,Yellow Xincai (1),102900011000328,Luosi Pepper,5329,5
102900005116219,Red Hot Peppers,102900005116714,Broccoli,5276,2
102900011023464,Xiaoqingcai (1),102900011030059,Yunnan Lettuce (Bag),5241,2
102900005118572,Local Shanghaiqing,102900011016701,Wuhu Green Pepper (1),5229,1
102900011034026,Zhijiang Qinggengsanhua,102900011034330,Agaricus Bisporus (Box),5227,4
102900005119944,Haixian Mushroom (1),102900011016701,Wuhu Green Pepper (1),5130,1
102900011023464,Xiaoqingcai (1),102900011031100,Millet Pepper (Bag),5097,3
102900005116912,Jigu Mushroom (1),102900005117056,Paopaojiao (Jingpin),5088,1
102900011033906,Powcan Mountain Chinese Cabbage ,102900011033944,Apricot Bao Mushroom (2),4980,4
102900011034026,Zhijiang Qinggengsanhua,102900051010455,Huangbaicai (2),4969,5
102900011021842,Honghu Lotus Root Powder (Fenou),102900011033906,Powcan Mountain Chinese Cabbage ,4947,5
102900005115946,Muercai,102900005116899,Net Lotus Root (1),4911,4
102900011006948,Foreign Garland Chrysanthemum ,102900011016701,Wuhu Green Pepper (1),4908,1
102900005115946,Muercai,102900005116257,Eggplant (2),4885,5
102900011000571,Suizhou Bubble Green,102900011016701,Wuhu Green Pepper (1),4864,1
102900005115168,Niushou Shengcai,102900005116714,Broccoli,4799,3
102900011033906,Powcan Mountain Chinese Cabbage ,102900011034231,Cabbage Stem (Bag),4678,5
102900011032022,Xiaozhoupi (Bag),102900011034231,Cabbage Stem (Bag),4661,4
102900011009444,Dalong Eggplant,102900011009970,Qinggengsanhua,4465,1
102900005115885,Caidian Quinoa Artemisia,102900005116899,Net Lotus Root (1),4452,3
102900011022849,The Local Yellow Youcai,102900011030059,Yunnan Lettuce (Bag),4387,3
102900011008522,Sweet Chinese Cabbage,102900051004294,Green Line Pepper,4355,4
102900011032619,Xixia Xianggu Mushroom (2),102900011034026,Zhijiang Qinggengsanhua,4311,1
102900011034224,Xiaoqingcai (Bag),102900011034231,Cabbage Stem (Bag),4288,2
102900011032022,Xiaozhoupi (Bag),102900011033906,Powcan Mountain Chinese Cabbage ,4253,5
102900005115885,Caidian Quinoa Artemisia,102900005116530,Xixia Mushroom (1),4243,4
102900005118824,High Melon (1),102900011000328,Luosi Pepper,4228,2
102900011009970,Qinggengsanhua,102900011021842,Honghu Lotus Root Powder (Fenou),4195,4
102900011022764,Changxianqie,102900051010455,Huangbaicai (2),4144,1
102900051010455,Huangbaicai (2),106949711300259,Needle Mushroom (Box),4112,1
102900011009970,Qinggengsanhua,106949711300068,Needle Mushroom (Bag) (3),4070,5
102900011023464,Xiaoqingcai (1),102900011034026,Zhijiang Qinggengsanhua,4047,4
102900011030134,Caixin (Bag),106949711300259,Needle Mushroom (Box),4033,1
102900005116219,Red Hot Peppers,102900005116530,Xixia Mushroom (1),3849,3
102900011009444,Dalong Eggplant,102900011016701,Wuhu Green Pepper (1),3845,2
102900011012994,Apricot Bao Mushroom (Bag),102900011016701,Wuhu Green Pepper (1),3825,1
102900011032732,High Melon (2),102900011034026,Zhijiang Qinggengsanhua,3823,1
102900005118824,High Melon (1),102900005119975,Hongshujian,3783,3
102900005116912,Jigu Mushroom (1),102900011016701,Wuhu Green Pepper (1),3764,2
102900011032237,Green Line Pepper (Bag),102900011034026,Zhijiang Qinggengsanhua,3727,1
102900011032237,Green Line Pepper (Bag),106949711300259,Needle Mushroom (Box),3665,2
102900011030141,Shanghai Green (Bag),102900011031100,Millet Pepper (Bag),3639,3
102900011023464,Xiaoqingcai (1),102900011032251,Luosi Pepper (Bag),3591,5
102900011030134,Caixin (Bag),102900011034026,Zhijiang Qinggengsanhua,3555,2
102900011032848,Ginger And Xiaomijiao Mix (Small Bag),106949711300259,Needle Mushroom (Box),3523,1
102900011033944,Apricot Bao Mushroom (2),102900011034224,Xiaoqingcai (Bag),3487,4
102900011034231,Cabbage Stem (Bag),102900011035078,Red Pepper (2),3354,2
102900011030141,Shanghai Green (Bag),102900011033906,Powcan Mountain Chinese Cabbage ,3298,4
102900005119944,Haixian Mushroom (1),102900011009970,Qinggengsanhua,3267,2
102900011030912,Haixian Mushroom (Bag),106949711300259,Needle Mushroom (Box),3264,1
102900011006689,Dongmenkou Xiaobaicai,102900011009970,Qinggengsanhua,3245,2
102900005115885,Caidian Quinoa Artemisia,102900005116257,Eggplant (2),3244,5
102900011001813,Needle Mushroom (Bag) (1),102900011009970,Qinggengsanhua,3204,1
102900011009444,Dalong Eggplant,102900051010455,Huangbaicai (2),3184,3
102900011034231,Cabbage Stem (Bag),102900051010455,Huangbaicai (2),3170,3
102900011022849,The Local Yellow Youcai,102900011033906,Powcan Mountain Chinese Cabbage ,3166,4
102900005119098,The Agaricus Bisporus,102900011009970,Qinggengsanhua,3157,2
102900011022849,The Local Yellow Youcai,102900011032251,Luosi Pepper (Bag),3071,5
102900005119098,The Agaricus Bisporus,102900011000328,Luosi Pepper,3056,3
102900011033920,Huangxincai (2),102900011034231,Cabbage Stem (Bag),3050,3
102900011032619,Xixia Xianggu Mushroom (2),106949711300259,Needle Mushroom (Box),3040,2
102900005115168,Niushou Shengcai,102900005116899,Net Lotus Root (1),3010,4
102900005118824,High Melon (1),102900051010455,Huangbaicai (2),3007,4
102900005115168,Niushou Shengcai,102900011000328,Luosi Pepper,2978,5
102900011030141,Shanghai Green (Bag),102900011034231,Cabbage Stem (Bag),2964,5
102900005118824,High Melon (1),102900011009970,Qinggengsanhua,2950,5
102900011034231,Cabbage Stem (Bag),102900011034330,Agaricus Bisporus (Box),2911,4
102900005115748,White Caitai,102900005116714,Broccoli,2908,2
102900011006689,Dongmenkou Xiaobaicai,102900011008164,Naibaicai,2906,3
102900011033920,Huangxincai (2),102900011034224,Xiaoqingcai (Bag),2895,4
102900005115854,Radish Leaves,102900011016701,Wuhu Green Pepper (1),2876,1
102900011030912,Haixian Mushroom (Bag),102900011034026,Zhijiang Qinggengsanhua,2860,2
102900005115199,Sichuan Red Cedar,102900005116714,Broccoli,2855,2
102900005119944,Haixian Mushroom (1),102900011000328,Luosi Pepper,2844,3
102900011022764,Changxianqie,102900011023464,Xiaoqingcai (1),2841,2
102900005116219,Red Hot Peppers,102900011000328,Luosi Pepper,2832,4
102900011010891,Wild Lotus Root (1),102900011016701,Wuhu Green Pepper (1),2821,1
102900005119944,Haixian Mushroom (1),102900051010455,Huangbaicai (2),2817,4
102900005119098,The Agaricus Bisporus,102900005125808,Millet Pepper,2800,4
102900011031926,Chinese Caterpillar Fungus Flowers (Bag),106949711300259,Needle Mushroom (Box),2778,1
102900011032732,High Melon (2),106949711300259,Needle Mushroom (Box),2744,2
102900011032848,Ginger And Xiaomijiao Mix (Small Bag),102900011034026,Zhijiang Qinggengsanhua,2727,2
102900005119944,Haixian Mushroom (1),102900005125808,Millet Pepper,2691,5
102900011022764,Changxianqie,102900051004294,Green Line Pepper,2680,3
102900005116912,Jigu Mushroom (1),102900011009970,Qinggengsanhua,2670,3
102900011009277,Water Chestnut,106949711300259,Needle Mushroom (Box),2668,2
102900005116219,Red Hot Peppers,102900005116257,Eggplant (2),2648,5
102900011032237,Green Line Pepper (Bag),102900011032251,Luosi Pepper (Bag),2606,3
102900011009277,Water Chestnut,102900011009970,Qinggengsanhua,2576,3
102900005115748,White Caitai,102900005115779,Yunnan Shengcai,2507,3
102900011006689,Dongmenkou Xiaobaicai,102900051004294,Green Line Pepper,2486,4
102900011006689,Dongmenkou Xiaobaicai,102900051010455,Huangbaicai (2),2475,5
102900011032619,Xixia Xianggu Mushroom (2),102900011034231,Cabbage Stem (Bag),2430,3
102900011033920,Huangxincai (2),102900011033944,Apricot Bao Mushroom (2),2424,5
102900011033944,Apricot Bao Mushroom (2),102900011034330,Agaricus Bisporus (Box),2414,5
102900005116912,Jigu Mushroom (1),102900011000328,Luosi Pepper,2412,4
102900005116912,Jigu Mushroom (1),102900051010455,Huangbaicai (2),2389,5
102900011032237,Green Line Pepper (Bag),102900011034231,Cabbage Stem (Bag),2384,4
102900005115748,White Caitai,102900005116530,Xixia Mushroom (1),2370,4
102900005117209,7 Colour Pepper (1),102900011016701,Wuhu Green Pepper (1),2356,1
102900011032619,Xixia Xianggu Mushroom (2),102900011034224,Xiaoqingcai (Bag),2320,4
102900011034439,Green And Red Hang Pepper Mix (Bag),106949711300259,Needle Mushroom (Box),2319,1
102900005119968,Green Hangzhou Pepper (2),102900011016701,Wuhu Green Pepper (1),2310,1
102900011030134,Caixin (Bag),102900011031100,Millet Pepper (Bag),2300,3
102900005115748,White Caitai,102900005115984,Yunnan Lettuces,2291,5
102900011022764,Changxianqie,102900011030059,Yunnan Lettuce (Bag),2290,4
102900011013274,The White Mushroom (Bag),106949711300259,Needle Mushroom (Box),2270,2
102900011009277,Water Chestnut,102900011021842,Honghu Lotus Root Powder (Fenou),2265,4
102900011009444,Dalong Eggplant,102900051004294,Green Line Pepper,2244,4
102900011030134,Caixin (Bag),102900011033906,Powcan Mountain Chinese Cabbage ,2233,4
102900005115199,Sichuan Red Cedar,102900005115779,Yunnan Shengcai,2171,3
102900011033937,Needle Mushroom (2),102900011034026,Zhijiang Qinggengsanhua,2132,1
102900011008522,Sweet Chinese Cabbage,102900011022764,Changxianqie,2123,5
102900051004294,Green Line Pepper,106949711300259,Needle Mushroom (Box),2119,2
102900005115199,Sichuan Red Cedar,102900005116257,Eggplant (2),2101,4
102900011032732,High Melon (2),102900011034224,Xiaoqingcai (Bag),2100,3
106930274620090,Haixian Mushroom (Bag) (2),106949711300259,Needle Mushroom (Box),2078,1
102900011034224,Xiaoqingcai (Bag),102900051010455,Huangbaicai (2),2077,3
102900011009246,Fresh Black Fungus (1),102900011016701,Wuhu Green Pepper (1),2064,1
102900011022764,Changxianqie,102900011031100,Millet Pepper (Bag),2026,5
102900011032732,High Melon (2),102900011034231,Cabbage Stem (Bag),2022,4
102900005115854,Radish Leaves,102900005116714,Broccoli,1999,2
102900011032237,Green Line Pepper (Bag),102900011033906,Powcan Mountain Chinese Cabbage ,1997,5
102900005118572,Local Shanghaiqing,102900011000328,Luosi Pepper,1995,2
102900005119098,The Agaricus Bisporus,102900005119975,Hongshujian,1988,5
102900011001806,Jigu Mushroom (Bunch),102900011016701,Wuhu Green Pepper (1),1978,1
102900011032732,High Melon (2),102900011033906,Powcan Mountain Chinese Cabbage ,1968,5
102900051004294,Green Line Pepper,106949711300068,Needle Mushroom (Bag) (3),1915,3
102900011032619,Xixia Xianggu Mushroom (2),102900051010455,Huangbaicai (2),1900,5
102900011030134,Caixin (Bag),102900011032251,Luosi Pepper (Bag),1873,5
102900011030929,Fresh Edible Fungus (Bag),106949711300259,Needle Mushroom (Box),1832,1
102900005115199,Sichuan Red Cedar,102900005115250,Xixia Black Mushroom (1),1775,5
102900011032787,Zhuyecai (Bag),102900011034026,Zhijiang Qinggengsanhua,1765,1
102900011013274,The White Mushroom (Bag),102900011030059,Yunnan Lettuce (Bag),1762,3
102900005115854,Radish Leaves,102900005116530,Xixia Mushroom (1),1761,3
106949711300259,Needle Mushroom (Box),106971533455008,Haixian Mushroom (Bag) (3),1752,1
102900005116806,Black Rapeseed,102900011016701,Wuhu Green Pepper (1),1734,1
102900011001219,The Red Bell Pepper (1),102900011016701,Wuhu Green Pepper (1),1731,1
102900011009277,Water Chestnut,102900051004294,Green Line Pepper,1722,5
102900011001561,Lotus (Ea),102900011016701,Wuhu Green Pepper (1),1713,1
102900011035771,Yellow Baicai (1),106949711300259,Needle Mushroom (Box),1712,1
102900011013274,The White Mushroom (Bag),102900051010455,Huangbaicai (2),1677,4
102900051000944,Honghu Lotus Root,102900051010455,Huangbaicai (2),1665,1
102900011030912,Haixian Mushroom (Bag),102900011031100,Millet Pepper (Bag),1659,3
102900005115625,Local Xiaomao Cabbage,102900011016701,Wuhu Green Pepper (1),1658,1
102900011034330,Agaricus Bisporus (Box),106949711300259,Red Pepper (2),1654,2
102900011032343,7 Colour Pepper (2),102900011035078,Needle Mushroom (Box),1654,1
102900011009246,Fresh Black Fungus (1),102900011009970,Qinggengsanhua,1628,2
102900011031582,Green Hot Peppers (Bag),102900011034026,Zhijiang Qinggengsanhua,1603,1
102900051000463,Round Eggplant (2),102900051010455,Huangbaicai (2),1602,1
102900011001806,Jigu Mushroom (Bunch),102900011009970,Qinggengsanhua,1597,2
102900011032244,Red Hot Peppers (Bag),106949711300259,Needle Mushroom (Box),1589,1
102900011031926,Chinese Caterpillar Fungus Flowers (Bag),102900011034026,Zhijiang Qinggengsanhua,1588,2
102900011001813,Needle Mushroom (Bag) (1),102900051004294,Green Line Pepper,1572,2
102900011032848,Ginger And Xiaomijiao Mix (Small Bag),102900011034231,Cabbage Stem (Bag),1568,3
102900011013274,The White Mushroom (Bag),102900011034026,Zhijiang Qinggengsanhua,1560,5
102900011034224,Xiaoqingcai (Bag),102900011035078,Red Pepper (2),1542,4
102900011010891,Wild Lotus Root (1),106949711300259,Needle Mushroom (Box),1530,2
102900011034224,Xiaoqingcai (Bag),102900011034330,Agaricus Bisporus (Box),1526,5
102900011030912,Haixian Mushroom (Bag),102900011033906,Powcan Mountain Chinese Cabbage ,1525,4
102900005115977,Wandoujian,102900011016701,Wuhu Green Pepper (1),1522,1
102900011032244,Agaricus Bisporus (Box),102900011034026,Zhijiang Qinggengsanhua,1519,2
102900011034330,Red Hot Peppers (Bag),102900051010455,Huangbaicai (2),1519,3
102900011030929,Fresh Edible Fungus (Bag),102900011034026,Zhijiang Qinggengsanhua,1496,2
102900011031995,Jigu (Bag),102900011034026,Zhijiang Qinggengsanhua,1488,1
102900005118572,Local Shanghaiqing,102900011009970,Qinggengsanhua,1487,3
102900011034231,Cabbage Stem (Bag),102900011034439,Green And Red Hang Pepper Mix (Bag),1484,5
102900011030912,Haixian Mushroom (Bag),102900011034231,Cabbage Stem (Bag),1472,5
102900011035511,Net Lotus Root (3),106949711300259,Needle Mushroom (Box),1459,1
102900051000944,Honghu Lotus Root,106949711300259,Needle Mushroom (Box),1442,2
102900051004294,Green Line Pepper,106958851400125,Haixian Mushroom (Bag) (4),1435,4
102900011000571,Suizhou Bubble Green,106949711300259,Needle Mushroom (Box),1392,2
102900051010455,Huangbaicai (2),106949711300068,Needle Mushroom (Bag) (3),1391,2
102900011010891,Wild Lotus Root (1),102900011030059,Yunnan Lettuce (Bag),1362,3
102900011033234,Hongshujian (Bag),102900011034026,Zhijiang Qinggengsanhua,1358,1
102900005115854,Radish Leaves,102900005116899,Net Lotus Root (1),1350,4
102900011031582,Green Hot Peppers (Bag),106949711300259,Needle Mushroom (Box),1332,2
102900011001813,Needle Mushroom (Bag) (1),102900011034026,Huangbaicai (2),1331,3
102900011032343,7 Colour Pepper (2),102900051010455,Zhijiang Qinggengsanhua,1331,2
102900011006948,Foreign Garland Chrysanthemum ,102900051010455,Huangbaicai (2),1326,2
102900005123880,Bell Pepper (1),102900011016701,Wuhu Green Pepper (1),1318,1
102900011031926,Chinese Caterpillar Fungus Flowers (Bag),102900011032251,Luosi Pepper (Bag),1309,3
102900011033975,Green Eggplant (2),102900011034026,Zhijiang Qinggengsanhua,1306,1
102900011033982,Eggplant (1),102900011034026,Zhijiang Qinggengsanhua,1305,1
106949711300259,Needle Mushroom (Box),106971533450003,Haixian Mushroom (Bunch),1282,2
102900011032848,Ginger And Xiaomijiao Mix (Small Bag),102900011033906,Powcan Mountain Chinese Cabbage ,1269,4
102900005118572,Local Shanghaiqing,102900005119975,Hongshujian,1267,4
102900005117209,7 Colour Pepper (1),102900011000328,Luosi Pepper,1237,2
102900011035788,Xixia Xianggu Mushroom (Bag),106949711300259,Needle Mushroom (Box),1236,1
102900011000571,Suizhou Bubble Green,102900011009970,Qinggengsanhua,1232,3
102900005115625,Local Xiaomao Cabbage,106949711300259,Needle Mushroom (Box),1224,2
102900005117209,7 Colour Pepper (1),102900005125808,Millet Pepper,1221,3
102900051010455,Huangbaicai (2),106958851400125,Haixian Mushroom (Bag) (4),1216,3
102900011001813,Needle Mushroom (Bag) (1),102900011008164,Naibaicai,1212,4
102900005116806,Black Rapeseed,106949711300259,Needle Mushroom (Box),1207,2
102900005115977,Wandoujian,102900005116714,Broccoli,1205,2
102900011032367,Red Bell Pepper (2),106949711300259,Needle Mushroom (Box),1195,1
102900011012994,Apricot Bao Mushroom (Bag),102900051004294,Green Line Pepper,1193,2
106949711300068,Needle Mushroom (Bag) (3),106958851400125,Haixian Mushroom (Bag) (4),1192,1
102900011032213,Red Hang Pepper (Bag),102900011034026,Zhijiang Qinggengsanhua,1183,1
102900011032367,Red Bell Pepper (2),102900011034026,Zhijiang Qinggengsanhua,1169,2
102900051004294,Green Line Pepper,106949711300167,Needle Mushroom (Bag) (2),1168,5
102900051000463,Round Eggplant (2),102900051004294,Green Line Pepper,1159,2
102900011001219,Zhuyecai (Bag),102900011009970,Qinggengsanhua,1149,2
102900011032848,Ginger And Xiaomijiao Mix (Small Bag),102900011033906,Apricot Bao Mushroom (2),1149,2
102900011032787,The Red Bell Pepper (1),102900011033944,Powcan Mountain Chinese Cabbage ,1149,5
102900011010891,Wild Lotus Root (1),102900011034026,Zhijiang Qinggengsanhua,1139,4
102900005116639,Machixian,102900011016701,Wuhu Green Pepper (1),1137,1
102900005115854,Radish Leaves,102900005116257,Eggplant (2),1134,5
102900005118572,Local Shanghaiqing,102900005125808,Millet Pepper,1133,5
102900011006948,Foreign Garland Chrysanthemum ,102900011008164,Naibaicai,1112,3
102900011032787,Zhuyecai (Bag),102900011034224,Xiaoqingcai (Bag),1100,3
102900011030929,Fresh Edible Fungus (Bag),102900011032251,Luosi Pepper (Bag),1098,3
102900011010891,Wild Lotus Root (1),102900011031100,Millet Pepper (Bag),1098,5
102900011030905,Yuxingcao (Bag),102900011034224,Xiaoqingcai (Bag),1078,2
102900011033937,Needle Mushroom (2),106949711300259,Needle Mushroom (Box),1078,1
102900011001806,Jigu (Bag),102900051010455,Huangbaicai (2),1062,3
102900011031995,Jigu Mushroom (Bunch),106949711300259,Needle Mushroom (Box),1062,2
102900005117209,7 Colour Pepper (1),102900011009970,Qinggengsanhua,1051,4
102900011032213,Red Hang Pepper (Bag),102900011034231,Cabbage Stem (Bag),1046,3
102900011033937,Needle Mushroom (2),106949711300259,Needle Mushroom (Box),1046,2
102900011031926,Chinese Caterpillar Fungus Flowers (Bag),102900011033906,Powcan Mountain Chinese Cabbage ,1022,4
102900011011546,Haixian Mushroom (Bag) (1),102900051004294,Green Line Pepper,1021,1
102900011033937,Needle Mushroom (2),102900051010455,Huangbaicai (2),1015,4
102900005115977,Wandoujian,102900005116899,Net Lotus Root (1),1007,3
102900011035764,Longyacai,106949711300259,Needle Mushroom (Box),1006,1
102900011001813,Needle Mushroom (Bag) (1),102900011008522,Sweet Chinese Cabbage,996,5
102900051010455,Huangbaicai (2),106949711300167,Needle Mushroom (Bag) (2),991,4
102900011032244,Red Hot Peppers (Bag),102900011032251,Luosi Pepper (Bag),981,3
102900011030905,Yuxingcao (Bag),102900011034026,Zhijiang Qinggengsanhua,980,2
102900011033937,Needle Mushroom (2),106949711300259,Needle Mushroom (Box),947,5
102900011011546,Haixian Mushroom (Bag) (1),102900051010455,Huangbaicai (2),947,2
102900011032244,Red Hot Peppers (Bag),102900011033906,Powcan Mountain Chinese Cabbage ,946,4
102900011035078,Red Pepper (2),102900051010455,Huangbaicai (2),927,2
102900005115625,Local Xiaomao Cabbage,102900005116530,Xixia Mushroom (1),922,3
102900011032787,Zhuyecai (Bag),102900051010455,Needle Mushroom (Box),919,4
102900011032787,Zhuyecai (Bag),106949711300259,Huangbaicai (2),919,5
102900011006948,Hongshujian (Bag),102900011033906,Qinggengsanhua,914,4
102900011033234,Foreign Garland Chrysanthemum ,102900011009970,Powcan Mountain Chinese Cabbage ,914,2
102900005115625,Local Xiaomao Cabbage,102900005116714,Broccoli,913,4
102900011018095,Chinese Caterpillar Fungus Flowers (Bag),102900051004294,Green Line Pepper,904,1
102900011007969,Red Lotus Root Zone,102900011016701,Wuhu Green Pepper (1),885,1
102900011032343,7 Colour Pepper (2),102900011034231,Cabbage Stem (Bag),884,3
102900011031582,Green Hot Peppers (Bag),102900011034231,Cabbage Stem (Bag),877,3
102900011001691,Water Chestnut (Lingjiao),102900011016701,Wuhu Green Pepper (1),874,1
102900011027479,Xiaozhoupi,106949711300259,Needle Mushroom (Box),873,1
102900011031926,Chinese Caterpillar Fungus Flowers (Bag),102900011034231,Cabbage Stem (Bag),872,5
102900011033234,Hongshujian (Bag),102900011034224,Xiaoqingcai (Bag),868,3
102900005119968,Green Hangzhou Pepper (2),102900051004294,Green Line Pepper,866,4
102900011001806,Jigu Mushroom (Bunch),102900005125808,Millet Pepper,866,2
102900011007464,Perilla,102900005116899,Net Lotus Root (1),865,1
102900005115625,Local Xiaomao Cabbage,102900011016701,Wuhu Green Pepper (1),865,5
102900011007044,Tremella (Flower),102900011016701,Wuhu Green Pepper (1),864,1
102900005123880,Bell Pepper (1),102900005125808,Millet Pepper,858,2
102900011006948,Foreign Garland Chrysanthemum ,102900051004294,Green Line Pepper,856,5
102900005123880,Bell Pepper (1),102900011000328,Luosi Pepper,850,3
102900011001219,The Red Bell Pepper (1),102900051010455,Huangbaicai (2),848,3
102900005117209,7 Colour Pepper (1),106949711300259,Needle Mushroom (Box),845,5
102900011030929,Fresh Edible Fungus (Bag),102900011033906,Powcan Mountain Chinese Cabbage ,836,4
102900011000571,Suizhou Bubble Green,102900011034026,Zhijiang Qinggengsanhua,833,4
102900005115977,Wandoujian,102900005116530,Xixia Mushroom (1),832,4
102900005123880,Bell Pepper (1),102900011009970,Qinggengsanhua,830,4
102900005119968,Green Hangzhou Pepper (2),102900051010455,Huangbaicai (2),825,3
102900011034330,Agaricus Bisporus (Box),102900051000944,Honghu Lotus Root,820,4
102900011002414,Panax Notoginseng,102900011016701,Wuhu Green Pepper (1),819,1
102900011033982,Eggplant (1),102900011034224,Xiaoqingcai (Bag),807,2
102900011031995,Jigu (Bag),102900011034224,Xiaoqingcai (Bag),796,3
102900011000861,Red Line Pepper,102900011016701,Wuhu Green Pepper (1),784,1
102900011012994,Apricot Bao Mushroom (Bag),102900051010455,Huangbaicai (2),767,3
102900011031995,Jigu (Bag),102900011034231,Cabbage Stem (Bag),761,4
102900011012994,Apricot Bao Mushroom (Bag),102900011021842,Honghu Lotus Root Powder (Fenou),755,4
102900011032244,Red Hot Peppers (Bag),102900011034231,Cabbage Stem (Bag),753,5
102900005115977,Wandoujian,102900005117056,Paopaojiao (Jingpin),752,5
102900011009246,Fresh Black Fungus (1),102900051004294,Green Line Pepper,751,3
102900011030929,Fresh Edible Fungus (Bag),102900011032251,Luosi Pepper (Bag),750,5
102900011001219,The Red Bell Pepper (1),102900051004294,Green Line Pepper,746,4
102900011031582,Green Hot Peppers (Bag),102900011034224,Xiaoqingcai (Bag),737,4
102900011000571,Suizhou Bubble Green,102900011021842,Honghu Lotus Root Powder (Fenou),729,5
102900011030905,Yuxingcao (Bag),102900011031100,Millet Pepper (Bag),721,3
102900005119968,Green Hangzhou Pepper (2),102900005119975,Hongshujian,715,4
102900011031582,Green Hot Peppers (Bag),102900011032251,Luosi Pepper (Bag),714,5
102900005119968,Green Hangzhou Pepper (2),102900011000328,Luosi Pepper,712,5
102900011035740,Crab Flavor Mushroom And White Mushroom Mix (Box),106949711300259,Needle Mushroom (Box),701,1
102900011033982,Eggplant (1),102900011034231,Cabbage Stem (Bag),697,3
102900011033234,Hongshujian (Bag),106949711300259,Needle Mushroom (Box),684,4
102900011018095,Chinese Caterpillar Fungus Flowers (Bag),102900011021842,Honghu Lotus Root Powder (Fenou),679,2
102900005116806,Black Rapeseed,102900005116899,Net Lotus Root (1),677,3
102900011031995,Jigu (Bag),102900011032251,Luosi Pepper (Bag),676,5
102900011033975,Green Eggplant (2),102900011034224,Xiaoqingcai (Bag),671,2
102900051010455,Huangbaicai (2),106971533455008,Haixian Mushroom (Bag) (3),668,5
102900011009246,Fresh Black Fungus (1),102900051010455,Huangbaicai (2),666,4
102900011033234,Hongshujian (Bag),102900051010455,Huangbaicai (2),660,5
102900011032367,Red Bell Pepper (2),102900011033906,Powcan Mountain Chinese Cabbage ,659,3
102900005116806,Honghu Lotus Root,102900011034026,Zhijiang Qinggengsanhua,657,4
102900051000944,Black Rapeseed,102900051004294,Green Line Pepper,657,3
102900011034330,Agaricus Bisporus (Box),106930274620090,Haixian Mushroom (Bag) (2),644,5
102900011001561,Lotus (Ea),102900011034026,Zhijiang Qinggengsanhua,641,2
102900005123880,Bell Pepper (1),102900051010455,Huangbaicai (2),632,5
102900011032213,Red Hang Pepper (Bag),102900011033906,Powcan Mountain Chinese Cabbage ,630,3
102900011001806,Jigu Mushroom (Bunch),102900011008164,Naibaicai,623,5
102900011000175,Kuaicai,102900011030059,Yunnan Lettuce (Bag),622,3
102900011001561,Lotus (Ea),102900011009970,Qinggengsanhua,622,1
102900011034439,Green And Red Hang Pepper Mix (Bag),102900011035078,Red Pepper (2),608,2
102900011032343,7 Colour Pepper (2),102900011034330,Agaricus Bisporus (Box),602,4
102900005116806,Black Rapeseed,102900005118831,Wawacai,599,5
102900011027479,Xiaozhoupi,102900051010455,Huangbaicai (2),592,2
102900011033982,Eggplant (1),106949711300259,Needle Mushroom (Box),589,4
102900011018095,Chinese Caterpillar Fungus Flowers (Bag),106949711300068,Needle Mushroom (Bag) (3),588,3
102900011033982,Eggplant (1),102900011034231,Huangbaicai (2),581,5
102900011033975,Green Eggplant (2),102900051010455,Cabbage Stem (Bag),581,3
102900011034439,Green And Red Hang Pepper Mix (Bag),102900051010455,Huangbaicai (2),580,3
102900011030905,Yuxingcao (Bag),102900011032251,Luosi Pepper (Bag),577,4
102900011032213,Red Hang Pepper (Bag),102900011032251,Luosi Pepper (Bag),574,4
102900011001219,The Red Bell Pepper (1),102900011008522,Sweet Chinese Cabbage,572,5
106949711300167,Needle Mushroom (Bag) (2),106958851400125,Haixian Mushroom (Bag) (4),571,1
102900011001561,Lotus (Ea),102900051010455,Huangbaicai (2),567,4
102900011032343,7 Colour Pepper (2),102900011033944,Apricot Bao Mushroom (2),564,5
102900011032213,Red Hang Pepper (Bag),102900011034224,Xiaoqingcai (Bag),563,5
102900011033975,Green Eggplant (2),106949711300259,Needle Mushroom (Box),554,4
102900011032367,Red Bell Pepper (2),102900011034231,Cabbage Stem (Bag),544,4
102900011034200,Amaranth (Bag),106949711300259,Needle Mushroom (Box),536,1
102900005116639,Machixian,102900005116714,Broccoli,532,2
102900011032206,Green Hang Pepper (Bag),102900011034026,Zhijiang Qinggengsanhua,525,1
102900011030905,Yuxingcao (Bag),102900011033906,Powcan Mountain Chinese Cabbage ,521,5
102900011033975,Green Eggplant (2),102900011033982,Eggplant (1),510,5
102900011007044,Tremella (Flower),106949711300259,Needle Mushroom (Box),508,2
102900011012994,Apricot Bao Mushroom (Bag),106949711300259,Needle Mushroom (Box),504,5
102900011032350,Bell Pepper (2),106949711300259,Needle Mushroom (Box),503,1
102900011034200,Amaranth (Bag),102900011034231,Cabbage Stem (Bag),499,2
102900011032367,Red Bell Pepper (2),102900011034224,Xiaoqingcai (Bag),494,5
102900011022030,Pepper Mix,102900051004294,Green Line Pepper,483,1
102900011000175,Kuaicai,102900011000328,Luosi Pepper,470,2
102900011034200,Amaranth (Bag),102900011034224,Xiaoqingcai (Bag),464,3
102900011027479,Xiaozhoupi,102900011033906,Powcan Mountain Chinese Cabbage ,456,3
102900011000175,Kuaicai,102900011034224,Xiaoqingcai (Bag),453,1
102900011034217,Chinese Cabbage (Bag),102900051010455,Huangbaicai (2),453,3
102900011027479,Xiaozhoupi,102900011030097,Yunnan Leaf Lettuce (Bag),443,5
102900011001561,Lotus (Ea),102900011031100,Millet Pepper (Bag),443,4
102900011029176,Lameizi,106949711300167,Needle Mushroom (Bag) (2),442,1
102900011027479,Xiaozhoupi,102900051004294,Green Line Pepper,438,5
102900011035078,Red Pepper (2),106971533450003,Haixian Mushroom (Bunch),432,3
102900011035078,Red Pepper (2),106971533455008,Haixian Mushroom (Bag) (3),418,4
102900051000463,Round Eggplant (2),106949711300259,Needle Mushroom (Box),407,3
102900011007969,Red Lotus Root Zone,102900011030059,Yunnan Lettuce (Bag),405,2
102900011032350,Bell Pepper (2),102900011033906,Powcan Mountain Chinese Cabbage ,403,2
102900011022030,Pepper Mix,102900051010455,Huangbaicai (2),399,2
102900011008485,Mustard,102900011016701,Wuhu Green Pepper (1),397,1
106930274220092,The Crab Flavor Mushroom (Bag),106949711300068,Needle Mushroom (Bag) (3),396,1
102900011030103,Garden Chrysanthemum (Bag),102900011031100,Millet Pepper (Bag),392,1
102900011007044,Tremella (Flower),102900011034026,Zhijiang Qinggengsanhua,387,3
102900011007969,Red Lotus Root Zone,106949711300259,Needle Mushroom (Box),381,3
102900011007044,Tremella (Flower),102900011030059,Yunnan Lettuce (Bag),379,4
102900011034217,Chinese Caterpillar Fungus Flowers (Bag),102900011034231,Cabbage Stem (Bag),378,2
102900011018095,Chinese Cabbage (Bag),102900051010455,Huangbaicai (2),378,4
102900011011546,Haixian Mushroom (Bag) (1),102900011013274,The White Mushroom (Bag),374,3
102900011001691,Water Chestnut (Lingjiao),102900011030059,Yunnan Lettuce (Bag),359,2
102900011018095,Chinese Caterpillar Fungus Flowers (Bag),106958851400125,Haixian Mushroom (Bag) (4),353,5
102900011034217,Chinese Cabbage (Bag),102900051010455,Huangbaicai (2),352,3
102900011009246,Fresh Black Fungus (1),106949711300068,Needle Mushroom (Bag) (3),350,5
102900011012482,Tea Tree Mushroom (Bag),102900011016701,Wuhu Green Pepper (1),348,1
102900051000944,Honghu Lotus Root,106930274620090,Haixian Mushroom (Bunch),347,4
106949711300167,Needle Mushroom (Bag) (2),106971533450003,Haixian Mushroom (Bunch),347,2
102900011035078,Red Pepper (2),106971533450003,Haixian Mushroom (Bag) (2),347,5
102900011022030,Pepper Mix,106949711300068,Needle Mushroom (Bag) (3),336,3
102900011034200,Amaranth (Bag),102900051010455,Huangbaicai (2),334,4
102900011032206,Green Hang Pepper (Bag),102900051010455,Huangbaicai (2),331,2
102900011007044,Tremella (Flower),102900011031100,Millet Pepper (Bag),330,5
102900005116639,Machixian,102900011000328,Luosi Pepper,326,3
102900011032206,The Crab Flavor Mushroom (1),102900011016701,Powcan Mountain Chinese Cabbage ,321,3
102900005119104,Green Hang Pepper (Bag),102900011033906,Wuhu Green Pepper (1),321,1
102900011035511,Net Lotus Root (3),102900051010455,Huangbaicai (2),316,2
102900011032350,Bell Pepper (2),102900011034026,Zhijiang Qinggengsanhua,310,3
102900011009444,Dalong Eggplant,102900011012994,Apricot Bao Mushroom (Bag),303,5
102900011034217,Chinese Cabbage (Bag),106949711300259,Needle Mushroom (Box),298,4
102900011000175,Kuaicai,102900011009444,Dalong Eggplant,289,4
102900011011546,Haixian Mushroom (Bag) (1),102900011018095,Chinese Caterpillar Fungus Flowers (Bag),283,4
102900011022030,Red Lotus Root Zone,102900011008164,Haixian Mushroom (Bag) (4),279,4
102900011007969,Pepper Mix,106958851400125,Naibaicai,279,4
102900011000861,Red Line Pepper,102900051010455,Huangbaicai (2),276,2
102900011032206,Green Hang Pepper (Bag),102900011034224,Xiaoqingcai (Bag),271,4
102900011032206,Green Hang Pepper (Bag),102900011033920,Huangxincai (2),269,5
102900011002414,Red Lotus Root Zone,102900011023464,Sweet Chinese Cabbage,261,5
102900011000175,Panax Notoginseng,102900011008522,Xiaoqingcai (1),261,5
102900011007969,Kuaicai,102900011009970,Qinggengsanhua,261,2
102900011030103,Garden Chrysanthemum (Bag),102900011030110,Spinach (Bag),260,2
102900011011546,Haixian Mushroom (Bag) (1),102900011012994,Apricot Bao Mushroom (Bag),259,5
102900011001691,Water Chestnut (Lingjiao),102900011030097,Yunnan Leaf Lettuce (Bag),258,3
106930274220092,Fruit Chili,106949711300259,Needle Mushroom (Box),257,1
102900011029305,The Crab Flavor Mushroom (Bag),106958851400125,Haixian Mushroom (Bag) (4),257,2
102900011012482,Tea Tree Mushroom (Bag),106949711300259,Needle Mushroom (Box),254,2
102900011007471,Mint,102900011016701,Wuhu Green Pepper (1),252,1
102900051009336,Chinese Caterpillar Fungus Flowers,102900051010455,Huangbaicai (2),247,1
102900011001691,Water Chestnut (Lingjiao),102900011034026,Zhijiang Qinggengsanhua,243,4
102900011001691,Water Chestnut (Lingjiao),106949711300259,Needle Mushroom (Box),240,5
102900011008515,Miantiaocai,102900011016701,Wuhu Green Pepper (1),231,1
102900011030103,Garden Chrysanthemum (Bag),102900051004294,Green Line Pepper,230,3
102900011030103,Garden Chrysanthemum (Bag),106949711300167,Needle Mushroom (Bag) (2),227,4
102900011007464,Perilla,106949711300259,Needle Mushroom (Box),222,2
102900011000861,Red Line Pepper,102900011008164,Naibaicai,215,3
102900011030042,Zhijiang Red Bolt (Bag),102900011031100,Millet Pepper (Bag),213,1
102900011029176,Lameizi,106949711300068,Green Line Pepper,211,4
102900051000463,Round Eggplant (2),102900051004294,Needle Mushroom (Bag) (3),211,2
102900011000861,Red Line Pepper,102900011009970,Qinggengsanhua,208,4
102900011030158,Xiaoqingcai (2),102900011031100,Millet Pepper (Bag),204,1
102900011030042,Zhijiang Red Bolt (Bag),106949711300259,Needle Mushroom (Box),201,2
102900005116639,Machixian,102900005116899,Net Lotus Root (1),200,4
102900005116639,Machixian,102900011009970,Qinggengsanhua,199,5
102900011029176,Lameizi,102900051010455,Huangbaicai (2),198,3
102900011030103,Garden Chrysanthemum (Bag),106949711300259,Needle Mushroom (Box),180,5
102900011000861,Red Line Pepper,102900051004294,Green Line Pepper,179,5
106949711300167,Needle Mushroom (Bag) (2),106971533455008,Haixian Mushroom (Bag) (3),176,3
102900011007464,Perilla,102900011009970,Qinggengsanhua,174,3
102900011012482,Tea Tree Mushroom (Bag),102900011034026,Zhijiang Qinggengsanhua,168,3
102900011008133,Round Eggplant (2),106958851400125,Wuhu Green Pepper (1),167,1
102900051000463,Siguajian,102900011016701,Haixian Mushroom (Bag) (4),167,5
102900011029305,Fruit Chili,102900011034026,Zhijiang Qinggengsanhua,163,2
102900011007464,Perilla,102900011030059,Yunnan Lettuce (Bag),161,4
102900011007464,Perilla,102900011033906,Powcan Mountain Chinese Cabbage ,159,5
102900011029305,Fruit Chili,106971533455008,Haixian Mushroom (Bag) (3),158,3
102900011034439,Green And Red Hang Pepper Mix (Bag),102900011033906,Powcan Mountain Chinese Cabbage ,158,4
102900011023976,Net Lotus Root (2),102900011033906,Powcan Mountain Chinese Cabbage ,157,1
102900011032350,Tea Tree Mushroom (Bag),102900011033906,Powcan Mountain Chinese Cabbage ,156,4
102900011012482,Bell Pepper (2),102900011033944,Apricot Bao Mushroom (2),156,4
102900011030158,Xiaoqingcai (2),102900011030059,Needle Mushroom (Box),154,2
102900011023976,Net Lotus Root (2),106949711300259,Yunnan Lettuce (Bag),154,2
102900011030042,Zhijiang Red Bolt (Bag),102900051004294,Green Line Pepper,152,3
102900011030042,Zhijiang Red Bolt (Bag),102900011030110,Spinach (Bag),148,4
102900011012482,Tea Tree Mushroom (Bag),106949711300259,Luosi Pepper (Bag),146,5
102900011030158,Xiaoqingcai (2),102900051004294,Green Line Pepper,146,3
102900011023976,Net Lotus Root (2),102900011032251,Needle Mushroom (Box),146,3
102900005117353,The White Mushroom (1),102900011016701,Wuhu Green Pepper (1),145,1
102900011032350,Bell Pepper (2),102900011034224,Xiaoqingcai (Bag),144,5
102900011006955,Ice Grass,102900011016701,Wuhu Green Pepper (1),143,1
102900011022030,Needle Mushroom (Box),102900011022764,Changxianqie,142,5
106949711300259,Pepper Mix,106957634300010,The White Mushroom (Box),142,3
102900011034200,Amaranth (Bag),102900011034439,Green And Red Hang Pepper Mix (Bag),136,5
102900011008485,Mustard,102900051000944,Honghu Lotus Root,135,4
102900011029305,Fruit Chili,102900011031100,Millet Pepper (Bag),135,5
102900011034439,Green And Red Hang Pepper Mix (Bag),102900051010455,Huangbaicai (2),135,2
102900011016909,Hua Eggplant,102900051010455,Huangbaicai (2),134,1
102900011002414,Panax Notoginseng,102900051010455,Huangbaicai (2),132,3
102900051000944,Honghu Lotus Root,106971533455008,Haixian Mushroom (Bag) (3),131,5
102900011035511,Net Lotus Root (3),106930274620090,Haixian Mushroom (Bag) (2),129,3
102900005115816,Nanguajian,102900005116714,Broccoli,126,1
102900011002414,Panax Notoginseng,102900011008164,Naibaicai,124,4
102900011016909,Hua Eggplant,102900011034026,Green Line Pepper,123,2
102900011023976,Net Lotus Root (2),102900051004294,Zhijiang Qinggengsanhua,123,4
102900011007495,The Dandelion,102900011031100,Haixian Mushroom (Bag) (4),120,4
102900011023976,Lameizi,106958851400125,Wuhu Green Pepper (1),120,5
102900011029176,Net Lotus Root (2),102900011016701,Millet Pepper (Bag),120,1
102900011011669,Xiuzhen Mushroom,102900011030097,Wuhu Green Pepper (1),119,5
102900011030042,Zhijiang Red Bolt (Bag),102900011016701,Yunnan Leaf Lettuce (Bag),119,1
102900011035481,Foreign Garland Chrysanthemum  (Bag),106949711300259,Needle Mushroom (Bag) (2),118,4
102900011030158,Xiaoqingcai (2),106949711300167,Needle Mushroom (Box),118,1
106949711300259,Needle Mushroom (Box),106972776821582,Xianzongye (Bag) (3),117,4
102900011029305,Fruit Chili,102900011030059,Yunnan Lettuce (Bag),111,5
102900011035962,Wild Lotus Root (2),106949711300259,Needle Mushroom (Box),109,1
102900005115816,Nanguajian,102900005116530,Xixia Mushroom (1),109,2
102900011034217,Chinese Cabbage (Bag),102900011034330,Agaricus Bisporus (Box),107,5
102900011029299,Purple Screw Pepper,102900011035771,Yellow Baicai (1),106,2
102900011035764,Longyacai,106949711300259,Needle Mushroom (Box),106,1
102900005119104,The Crab Flavor Mushroom (1),102900011000328,Luosi Pepper,105,2
102900011028407,Fruit Pepper (Bag),102900051010455,Huangbaicai (2),102,1
102900011032220,Yuganjiao,102900051010455,Huangbaicai (2),102,1
102900011002414,Panax Notoginseng,102900051004294,Green Line Pepper,98,5
102900011035481,Foreign Garland Chrysanthemum  (Bag),102900051010455,Needle Mushroom (Box),96,2
102900051009336,Chinese Caterpillar Fungus Flowers,106949711300259,Huangbaicai (2),96,2
102900011034262,Red Pepper (Bag),102900051010455,Huangbaicai (2),92,1
102900011008485,Mustard,102900011009970,Qinggengsanhua,90,3
102900011035511,Net Lotus Root (3),102900011035771,Yellow Baicai (1),84,4
102900011035788,Xixia Xianggu Mushroom (Bag),106930274620090,Haixian Mushroom (Bag) (2),83,2
106949711300259,Needle Mushroom (Box),106973990980123,Hfyg Haixian Mushroom (Bunch),82,5
102900011030158,Xiaoqingcai (2),106971533455008,Haixian Mushroom (Bag) (3),81,5
102900011028407,Yuganjiao,102900051004294,Green Line Pepper,80,2
102900005119104,The Crab Flavor Mushroom (1),102900011023464,Xiaoqingcai (1),79,3
106957634300010,The White Mushroom (Box),106971533455008,Haixian Mushroom (Bag) (3),78,1
102900051010790,Purple Beicai,106949711300068,Needle Mushroom (Bag) (3),77,1
102900011006955,Miantiaocai,102900011009970,Qinggengsanhua,76,2
102900011008515,Ice Grass,106949711300259,Needle Mushroom (Box),76,2
102900011036242,Green And Red Jian Pepper Mix (Bag),106949711300259,Needle Mushroom (Box),75,1
102900005119104,The Crab Flavor Mushroom (1),102900011008164,Naibaicai,74,4
102900011016909,Lameizi,106971533450003,Cabbage Stem (Bag),71,3
102900011008515,Miantiaocai,102900011034231,Changxianqie,71,3
102900011029176,Hua Eggplant,102900011022764,Haixian Mushroom (Bunch),71,5
102900011035771,Yellow Baicai (1),102900011022764,Xixia Xianggu Mushroom (Bag),70,4
102900011008485,Mustard,102900011035788,Changxianqie,70,2
102900011007471,Mint,102900011009970,Qinggengsanhua,69,2
102900011034262,Red Pepper (Bag),106971533455008,Haixian Mushroom (Bag) (3),68,2
102900011035740,Crab Flavor Mushroom And White Mushroom Mix (Box),106949711300259,Needle Mushroom (Box),68,2
102900011008515,Miantiaocai,102900005119975,Yunnan Lettuce (Bag),67,4
102900005115816,Nanguajian,102900011030059,Hongshujian,67,3
102900011008485,Mustard,106949711300167,Huangbaicai (2),66,3
102900011035740,Fruit Pepper (Bag),102900051010455,Needle Mushroom (Bag) (2),66,2
102900011032220,Crab Flavor Mushroom And White Mushroom Mix (Box),102900011008522,Sweet Chinese Cabbage,66,5
102900011021644,Hongshan Caitai,106949711300259,Needle Mushroom (Box),65,1
102900005119104,The Crab Flavor Mushroom (1),106949711300167,Needle Mushroom (Bag) (2),64,5
102900011015384,Malan Head,102900011016701,Wuhu Green Pepper (1),63,1
102900011035849,Jicai,102900011016701,Needle Mushroom (Box),62,1
102900011008676,Chinese Cabbage Seedling,106949711300259,Wuhu Green Pepper (1),62,1
102900011033241,Miantiaocai,102900005125808,Zhijiang Qinggengsanhua,61,1
102900011008515,Nanguajian,102900005116257,Luosi Pepper (Bag),61,5
102900011032633,Nanguajian,102900011034026,Millet Pepper,61,5
102900005115816,Caidian Quinoa Artemisia (Bag),106949711300167,Eggplant (2),61,4
102900005115816,Fresh Sea (2),102900011032251,Needle Mushroom (Bag) (2),61,1
102900011035740,Round Eggplant,102900011016701,Haixian Mushroom (Bunch),60,4
106971533450003,Crab Flavor Mushroom And White Mushroom Mix (Box),106971533450003,Wuhu Green Pepper (1),60,1
102900011000335,Haixian Mushroom (Bunch),106972776821582,Xianzongye (Bag) (3),60,1
102900011007471,Mint,106949711300259,Needle Mushroom (Box),59,4
102900011007471,Mint,102900011030059,Yunnan Lettuce (Bag),59,3
102900051009220,Youcaitai,106949711300068,Needle Mushroom (Bag) (3),58,1
102900011016909,Hua Eggplant,102900051004294,Xiaoqingcai (1),56,4
102900011032220,Fruit Pepper (Bag),102900011023464,Green Line Pepper,56,3
102900011007471,Purple Screw Pepper,106949711300167,Needle Mushroom (Bag) (2),55,1
102900011029299,Apricot Bao Mushroom (Bag),102900011030059,Millet Pepper (Bag),55,2
102900011031599,Mint,102900011031100,Yunnan Lettuce (Bag),55,5
102900051010790,Purple Beicai,106958851400125,Haixian Mushroom (Bag) (4),54,2
102900011011669,Xiuzhen Mushroom,106958851400125,Haixian Mushroom (Bag) (4),51,1
102900011022924,Green Caitai,102900051004294,Green Line Pepper,51,2
102900011016909,Hua Eggplant,106971533455008,Honghu Lotus Root Powder (Fenou),50,5
102900011008492,Fruit Pepper (Bag),102900011016701,Haixian Mushroom (Bag) (3),50,1
102900011032220,Big Broccoli,102900011021842,Wuhu Green Pepper (1),50,4
102900011000632,Fruit Pepper (Bag),106949711300068,Wuhu Green Pepper (1),49,1
102900011032220,Green Caitai,106949711300259,Needle Mushroom (Bag) (3),49,5
102900011022924,Purple Cabbage (1),102900011016701,Needle Mushroom (Box),49,2
102900011034262,Purple Screw Pepper,106971533455008,Haixian Mushroom (Bag) (3),48,1
102900011029299,Purple Screw Pepper,106971533455008,Agaricus Bisporus (Box),48,2
102900011029299,Yuxingcao ,102900011033906,Powcan Mountain Chinese Cabbage ,48,4
102900011032633,Red Pepper (Bag),102900011034330,Agaricus Bisporus (Box),48,3
102900011032589,Fresh Sea (2),102900011034330,Haixian Mushroom (Bag) (3),48,3
102900011008133,Wild Pink Lotus Root,102900051004294,Qinggengsanhua,47,2
102900011018132,Siguajian,102900011009970,Green Line Pepper,47,1
102900011034262,Green Hangjiao (1),102900011032251,Luosi Pepper (Bag),46,1
102900011031216,Red Pepper (Bag),102900051004294,Wuhu Green Pepper (1),46,1
102900011032633,Ice Grass (Box),102900051010455,Honghu Lotus Root,46,3
102900011035788,Xixia Xianggu Mushroom (Bag),102900011016701,Green Line Pepper,46,3
102900005116905,Fresh Sea (2),102900051000944,Huangbaicai (2),46,4
102900011035771,Yellow Baicai (1),102900051004294,Green Line Pepper,45,2
102900005117353,Apricot Bao Mushroom (Bag),106930274620090,Luosi Pepper,45,2
102900011031599,The White Mushroom (1),102900011000328,Haixian Mushroom (Bag) (2),45,3
102900051006229,Lotus Root Tip,106949711300167,Needle Mushroom (Bag) (2),44,1
102900011035511,Net Lotus Root (3),102900011030059,Cabbage Stem (Bag),43,2
102900011033241,Aihao,102900011034231,Yunnan Lettuce (Bag),43,1
102900011026618,Caidian Quinoa Artemisia (Bag),102900011035764,Longyacai,43,5
102900011035740,Needle Mushroom (Bag) (2),102900011022764,Haixian Mushroom (Bag) (2),42,5
102900011006955,Crab Flavor Mushroom And White Mushroom Mix (Box),106930274620090,Changxianqie,42,3
106949711300167,Ice Grass,102900051010455,Needle Mushroom (Box),42,4
102900011032633,Fresh Sea (2),106949711300259,Huangbaicai (2),42,4
102900011029299,Purple Screw Pepper,102900011034026,Zhijiang Qinggengsanhua,41,2
102900011031216,Honghu Lotus (Lotus Root),106949711300259,Needle Mushroom (Box),41,1
102900011034569,Ice Grass (Box),102900011034026,Zhijiang Qinggengsanhua,41,5
102900011000632,Ice Grass (Box),102900011009970,Qinggengsanhua,40,3
102900011031216,Purple Cabbage (1),106949711300259,Needle Mushroom (Box),40,2
102900011032626,Fresh Edible Fungus (2),106949711300167,Needle Mushroom (Bag) (2),40,1
102900011007495,The Dandelion,102900051010455,Needle Mushroom (Box),39,4
102900011036068,Yuxingcao ,106949711300259,Huangbaicai (2),39,1
102900011006955,Chinese Caterpillar Fungus Flowers,102900051010455,Needle Mushroom (Bag) (3),39,3
102900051009336,Green Caitai,106949711300167,Huangbaicai (2),39,2
102900011032589,Ice Grass,102900011030059,Needle Mushroom (Bag) (2),39,3
102900011022924,Mushroom And Leaf Mix (Bag),106949711300068,Yunnan Lettuce (Bag),39,2
102900011021644,Hongshan Caitai,102900011034026,Zhijiang Qinggengsanhua,38,2
102900011031216,Ice Grass (Box),102900011034231,Cabbage Stem (Bag),37,4
106957634300058,The Crab Flavor Mushroom (Box),106958851400125,Haixian Mushroom (Bag) (4),36,2
102900051009220,The White Mushroom (1),102900005119975,Hongshujian,36,3
102900005117353,The White Mushroom (1),102900051010455,Huangbaicai (2),36,4
102900005117353,Youcaitai,106971533455008,Haixian Mushroom (Bag) (3),36,1
102900051009336,Chinese Caterpillar Fungus Flowers,102900011032787,Haixian Mushroom (Bag) (4),35,4
102900011032633,Fresh Sea (2),106958851400125,Zhuyecai (Bag),35,5
102900011027462,Xiuzhen Mushroom,102900051010455,Green Line Pepper,34,1
102900011011669,Honghu Lotus (Lotus Root),102900051010455,Huangbaicai (2),34,2
102900011034354,Xianzongye (Bag) (1),102900051010455,Huangbaicai (2),34,3
102900011034569,Naibai Caimiao,102900051004294,Huangbaicai (2),34,1
102900011035481,Foreign Garland Chrysanthemum  (Bag),102900011035511,Haixian Mushroom (Bag) (4),33,3
102900011035771,Yellow Baicai (1),102900051010455,Net Lotus Root (3),33,4
102900011028407,Yuganjiao,106958851400125,Huangbaicai (2),33,3
102900011033999,Round Eggplant (1),102900011034224,Xiaoqingcai (Bag),32,3
102900011033241,Longyacai,102900011035788,Qinggengsanhua,32,3
102900005117353,Wild Pink Lotus Root,106949711300068,Xixia Xianggu Mushroom (Bag),32,2
102900011018132,The White Mushroom (1),102900011034224,Needle Mushroom (Bag) (3),32,5
102900011035764,Caidian Quinoa Artemisia (Bag),102900011009970,Xiaoqingcai (Bag),32,1
102900011035481,Foreign Garland Chrysanthemum  (Bag),106949711300167,Needle Mushroom (Bag) (2),31,4
102900011007495,The Dandelion,102900051004294,Green Line Pepper,30,4
102900011035764,Longyacai,106930274620090,Haixian Mushroom (Bag) (2),30,4
102900011022924,Green Caitai,102900011032251,Luosi Pepper (Bag),30,3
102900011007495,The Dandelion,102900011016701,Huangbaicai (2),29,3
102900005128748,Yuxingcao ,102900051010455,Xiaoqingcai (1),29,1
102900011032589,Huanghuacai,102900011023464,Wuhu Green Pepper (1),29,4
102900051009220,Aihao,102900011032022,Huangbaicai (2),28,4
102900011006955,Youcaitai,102900051010455,Naibaicai,28,3
102900011033241,Ice Grass,102900051010455,Huangbaicai (2),28,5
102900011026618,Caidian Quinoa Artemisia (Bag),102900011008164,Xiaozhoupi (Bag),28,2
102900011027615,Juhua Youcai,102900011031100,Honghu Lotus Root Powder (Fenou),27,3
102900011007495,The Dandelion,102900051010455,Needle Mushroom (Box),27,1
102900011008133,Wild Pink Lotus Root,106949711300259,Green Line Pepper,27,4
102900011036686,Muercai (Bag),102900051010455,Haixian Mushroom (Bag) (3),27,3
102900011008133,Siguajian,106971533455008,Huangbaicai (2),27,1
102900011032282,Siguajian,102900051004294,Needle Mushroom (Box),27,1
102900011030608,Xiangtianhongcaitai (Bag),102900011021842,Huangbaicai (2),27,5
102900011018132,The Steak Mushrooms (Box),106949711300259,Millet Pepper (Bag),27,1
106949711300068,Xiuzhen Mushroom,102900011030097,Green Line Pepper,26,1
102900011011669,Sophora Japonica,102900051004294,Yunnan Leaf Lettuce (Bag),26,2
102900011028407,Black Chicken  Mushroom,102900051010455,Needle Mushroom (Bag) (2),26,4
102900011032282,Aihao,102900011034231,Needle Mushroom (Box),26,1
102900011032626,Needle Mushroom (Bag) (3),106949711300259,Needle Mushroom (Box),26,3
102900011032480,Yuganjiao,102900011018095,The Crab Flavor Mushroom (2),26,2
102900011033173,Xiangtianhongcaitai (Bag),106949711300259,Chinese Caterpillar Fungus Flowers (Bag),26,1
102900011026618,Artemisia Stelleriana,106949711300167,Cabbage Stem (Bag),26,4
102900011012871,Fresh Edible Fungus (2),106956146480203,Huangbaicai (2),26,2
102900011032640,Jigu (2),106958851400125,Millet Pepper (Bag),25,2
102900011021644,Jicai,102900011031100,Haixian Mushroom (Bag) (4),25,3
102900011008676,Apricot Bao Mushroom (Bag),102900051004294,Spinach (Bag),25,3
102900011026618,Aihao,106949711300167,Green Line Pepper,25,4
102900011031599,Hongshan Caitai,102900011030110,Needle Mushroom (Bag) (2),25,1
102900011033241,Longyacai,102900051010455,Agaricus Bisporus (Box),24,5
102900005128748,Jicai,102900011034330,Huangbaicai (2),24,5
102900011035764,Black Chicken  Mushroom,106949711300259,Qinggengsanhua,24,3
102900011008676,Caidian Quinoa Artemisia (Bag),102900051010455,Huangbaicai (2),24,2
102900011012871,Huanghuacai,102900011009970,Needle Mushroom (Box),24,2
102900011031735,Xiuzhen Mushroom,102900051004294,Fresh Sea (2),23,4
102900011011669,7 Colour Pepper (Bag),102900011032633,The White Mushroom (Bag),23,4
102900011035788,Yuxingcao ,106949711300259,Needle Mushroom (Box),23,5
102900011032589,Xixia Xianggu Mushroom (Bag),102900011013274,Green Line Pepper,23,1
102900011031216,Aihao,106949711300259,Agaricus Bisporus (Box),22,5
102900011026618,Ice Grass (Box),102900011034330,Needle Mushroom (Box),22,5
102900011021675,Chopped Red Pine,106949711300259,Needle Mushroom (Box),21,4
102900011015384,The Crab Flavor Mushroom (2),106971533455008,Millet Pepper (Bag),21,1
102900011032626,Jicai,106957634300010,Honghu Lotus Root Powder (Fenou),21,2
106956146480203,Apricot Bao Mushroom (Bag),102900011021842,The White Mushroom (Box),21,4
102900011008676,Malan Head,102900011030059,Yunnan Lettuce (Bag),21,3
102900011031599,Fresh Edible Fungus (2),102900011031100,Haixian Mushroom (Bag) (3),21,1
102900011008133,Yuxingcao ,102900051010455,Naibaicai,20,5
102900011021644,The White Mushroom (Box),102900051004294,Huangbaicai (2),20,2
106957634300010,Siguajian,106957634300058,Cabbage Stem (Bag),20,5
102900011032589,Round Eggplant,102900011034231,The Crab Flavor Mushroom (Box),20,4
102900011000335,Hongshan Caitai,102900011008164,High Melon (2),20,2
102900011027462,Jicai,102900011034026,Huangbaicai (2),19,4
102900011032282,Wild Pink Lotus Root,102900011021842,Yunnan Lettuce (Bag),19,2
102900011021644,The Crab Flavor Mushroom (2),106971533455008,Needle Mushroom (Box),19,5
102900011034705,Naibai Caimiao,102900011009277,Haixian Mushroom (Bag) (3),19,3
102900011032480,Hongshan Caitai,102900051010455,Water Chestnut,19,5
102900011008676,Xiangtianhongcaitai (Bag),102900011030059,Honghu Lotus Root Powder (Fenou),19,1
106956146480203,The Fungus Mushroom Hot Pot Package (Bag),106949711300259,Green Line Pepper,19,2
102900011018132,Artemisia Stelleriana,102900051004294,Zhijiang Qinggengsanhua,19,2
102900011031735,7 Colour Pepper (Bag),102900011009970,Green Line Pepper,18,3
102900011000632,Fresh Rice Dumplings Leaves,102900051004294,Haixian Mushroom (Bunch),18,1
102900011034354,Fresh Rice Dumplings Leaves,106971533455008,Needle Mushroom (Box),18,2
106958851400125,Haixian Mushroom (Bag) (4),102900051004294,Qinggengsanhua,18,2
102900011015384,Xianzongye (Bag) (1),102900051010455,Xiaoqingcai (1),18,1
106971533450003,Round Eggplant,102900051004294,Huangbaicai (2),18,3
102900011026502,Malan Head,102900011023464,Green Line Pepper,18,3
102900011026502,Purple Cabbage (1),106949711300259,Green Line Pepper,18,2
102900011000335,Haixian Mushroom (Bunch),106971533450003,Haixian Mushroom (Bag) (3),18,2
102900011034262,Round Eggplant (1),102900051004294,Green Line Pepper,17,1
102900011033999,Sophora Japonica,106949711300259,Needle Mushroom (Box),17,1
102900011021699,Agaricus Bisporus (Bag),106949711300259,Zhijiang Qinggengsanhua,17,2
102900011031841,Red Pepper (Bag),102900011034026,Green Line Pepper,17,3
102900011030608,The Steak Mushrooms,102900011034026,Zhijiang Qinggengsanhua,17,2
102900011032480,Artemisia Stelleriana,106949711300259,Needle Mushroom (Box),17,2
102900011033173,The Steak Mushrooms (Box),102900051004294,Needle Mushroom (Box),17,5
102900011035771,Round Eggplant (1),106930274220092,The Crab Flavor Mushroom (Bag),16,4
102900011033999,Yellow Baicai (1),102900051004294,Haixian Mushroom (Bag) (3),16,5
102900051009220,Chinese Caterpillar Fungus Flowers,102900011030059,Huangbaicai (2),16,2
102900051009336,Big Broccoli,102900011023464,Cabbage Stem (Bag),16,4
102900011008492,Youcaitai,102900011034231,Mushroom And Leaf Mix (Bag),16,3
102900005128748,Fresh Edible Fungus (2),102900011036068,Green Line Pepper,16,4
102900005128748,Huanghuacai,102900051010455,Yunnan Lettuce (Bag),16,5
102900011032626,Huanghuacai,106971533455008,Xiaoqingcai (1),16,3
102900011036242,Green And Red Jian Pepper Mix (Bag),102900011013274,Haixian Mushroom (Bunch),15,2
102900011036242,Green And Red Jian Pepper Mix (Bag),102900051010455,The White Mushroom (Bag),15,3
102900011036686,Sophora Japonica,102900011034330,The White Mushroom (Box),15,5
106949711300167,Muercai (Bag),102900011032633,Green Line Pepper,15,3
102900011026793,Black Chicken  Mushroom,102900051010455,Huangbaicai (2),15,4
102900011032626,Needle Mushroom (Bag) (2),102900011034026,Haixian Mushroom (Bag) (3),15,3
102900011032480,Apricot Bao Mushroom (250 G),102900051004294,Zhijiang Qinggengsanhua,15,1
102900011030608,The Steak Mushrooms (Box),102900051010455,Agaricus Bisporus (Box),15,5
102900011030608,Artemisia Stelleriana,106971533455008,Huangbaicai (2),15,4
102900011033173,The Steak Mushrooms (Box),106957634300010,Fresh Sea (2),15,3
102900011012871,Fresh Edible Fungus (2),106971533450003,Huangbaicai (2),15,2
102900011021675,Jigu (2),102900011008164,Honghu Lotus Root Powder (Fenou),14,2
102900011032640,Chopped Red Pine,102900011021842,Green Line Pepper,14,1
102900051006229,Lotus Root Tip,102900051004294,Xiaoqingcai (1),14,4
102900011021699,Zhimaxiancai,102900011023464,Naibaicai,14,5
102900011000632,Xixia Black Mushroom (2),102900011033944,Needle Mushroom (Bag) (2),14,1
102900011024010,Xianzongye (Bag) (1),102900011033982,Huangbaicai (2),14,3
102900011000632,Xiangtianhongcaitai (Bag),102900011000328,Green Line Pepper,14,1
102900011034354,The Steak Mushrooms,102900051010455,Huangbaicai (2),14,4
102900011033968,Fresh Lotus Root Zone (Bag),106958851400125,Cabbage Stem (Bag),14,5
102900011032282,Purple Cabbage (1),106971533455008,Haixian Mushroom (Bag) (3),14,5
102900005128748,Purple Cabbage (1),102900011034231,Haixian Mushroom (Bag) (4),14,5
102900011030608,Huanghuacai,102900051004294,Apricot Bao Mushroom (2),14,2
102900011032480,Artemisia Stelleriana,106949711300167,Eggplant (1),14,2
102900011034316,The Steak Mushrooms (Box),102900051010455,Luosi Pepper,14,2
102900011032640,Jigu (2),106957634300010,The White Mushroom (Box),13,4
102900011028407,Sophora Japonica,102900051010455,Huangbaicai (2),13,2
102900011035849,Apricot Bao Mushroom (Bag),106949711300167,Round Eggplant (2),13,5
102900011033081,Xianzongye,102900011032732,Green Line Pepper,13,3
102900011033081,Yuganjiao,102900051004294,Huangbaicai (2),13,2
102900011033081,Chuncai,102900051010455,Needle Mushroom (Bag) (2),13,1
102900011033173,Chuncai,102900051000463,Haixian Mushroom (Bag) (3),13,5
102900011034323,Chuncai,106971533455008,Needle Mushroom (Bag) (2),13,1
102900011031599,Chinese Cabbage Seedling,106949711300167,High Melon (2),13,3
102900011031735,7 Colour Pepper (Bag),102900011021842,Honghu Lotus Root,12,3
102900011036686,Green Hangjiao (1),106957634300010,Haixian Mushroom (Bag) (2),12,2
102900011034705,Muercai (Bag),102900011022764,Changxianqie,12,3
102900011032176,The Fungus Mushroom Hot Pot Package (Bag),106971533455008,Haixian Mushroom (Bag) (3),12,2
102900011008492,Big Broccoli,106930274620090,Honghu Lotus Root Powder (Fenou),12,1
102900005116905,Basil (Bag),102900051000944,The White Mushroom (Box),12,3
102900011024010,Sophora Japonica,102900011022764,Huangbaicai (2),11,2
102900011008492,Round Eggplant,102900051010455,Changxianqie,11,5
102900011032176,Chinese Cabbage Seedling,102900011033944,Huangbaicai (2),11,2
102900011032176,Basil (Bag),102900051010455,Haixian Mushroom (Bag) (3),11,3
102900011035849,Big Broccoli,106971533455008,Needle Mushroom (Bag) (2),11,4
102900011033173,Basil (Bag),102900011009970,Qinggengsanhua,11,3
102900011000335,Fresh Lotus Root Zone (Bag),106949711300167,Apricot Bao Mushroom (2),11,4
102900011032640,Purple Hot Peppers,106949711300259,Haixian Mushroom (Bag) (2),10,3
102900011032640,Juhua Youcai,106930274620090,Needle Mushroom (Bag) (2),10,2
102900011029275,Jigu (2),106949711300167,Cabbage Stem (Bag),10,2
102900011027615,Jigu (2),102900051004294,Green Line Pepper,10,2
102900011021699,Honghu Lotus (Lotus Root),102900011035078,Needle Mushroom (Box),10,2
102900011036068,Zhimaxiancai,102900051004294,Huangbaicai (2),10,3
102900011031841,Agaricus Bisporus (Bag),102900051010455,The White Mushroom (Box),10,5
102900011033968,Xixia Black Mushroom (2),102900051004294,Xiaozhoupi (Bag),10,4
102900011032282,Xianzongye,106949711300167,Green Line Pepper,10,4
102900011033081,Chuncai,106957634300010,Red Pepper (2),10,2
102900011015384,Malan Head,102900051010455,Green Line Pepper,10,4
102900011034569,Xiangtianhongcaitai (Bag),102900011032022,Needle Mushroom (Bag) (2),10,2
102900011034316,The Steak Mushrooms,102900051004294,Huangbaicai (2),10,1
102900011034323,Mushroom And Leaf Mix (Bag),102900011034231,Green Line Pepper,10,5
102900011027462,7 Colour Pepper (Bag),102900011008164,Needle Mushroom (Box),9,3
102900011027462,Honghu Lotus (Lotus Root),102900011016701,Naibaicai,9,3
102900011031735,Green Hangjiao (1),102900051000944,Wuhu Green Pepper (1),9,3
102900051010790,Zhimaxiancai,102900051000463,Powcan Mountain Chinese Cabbage ,9,3
102900011030400,Fresh Rice Dumplings Leaves,102900005125808,Needle Mushroom (Box),9,4
102900011030400,Purple Beicai,106949711300259,Changxianqie,9,1
102900011015384,Ganlanye,106971533455008,Needle Mushroom (Box),9,5
102900011034316,Round Eggplant,102900011033906,Millet Pepper,9,2
102900011026502,Naibai Caimiao,106949711300259,Round Eggplant (2),9,1
102900005116905,Naibai Caimiao,102900011022764,Honghu Lotus Root,9,5
102900011034569,Hongshan Shoutidai,102900051000944,Xiaozhoupi,9,4
102900011015391,Malan Head,102900011027479,Honghu Lotus Root,9,3
102900011000335,Hongshan Shoutidai,106949711300259,Haixian Mushroom (Bag) (3),9,4
102900011027462,Chopped Red Pine,102900011018095,Needle Mushroom (Bag) (3),8,4
102900011021675,Green Hangjiao (1),106930274220092,Huangbaicai (2),8,3
102900011021699,Green Hangjiao (1),102900051004294,Needle Mushroom (Bag) (2),8,1
102900011024010,Purple Beicai,102900051000944,Needle Mushroom (Box),8,4
102900011030417,Hongshan Gift Box,102900051010455,The Crab Flavor Mushroom (Bag),8,4
102900051010790,Green Caitai,106949711300068,Chinese Caterpillar Fungus Flowers (Bag),8,5
102900011035788,Black Chicken  Mushroom,106971533455008,Honghu Lotus Root,8,4
102900011031742,Xianzongye,106949711300259,Green Line Pepper,8,5
102900005116905,Xianzongye,102900011008164,Naibaicai,8,3
102900005116905,Naibai Caimiao,102900005118817,Spinach,8,4
102900011022924,The Steak Mushrooms,102900011030110,Haixian Mushroom (Bag) (4),8,1
102900011034323,Fresh Lotus Root Zone (Bag),106958851400125,Spinach (Bag),8,5
102900011034323,Xixia Xianggu Mushroom (Bag),106949711300167,Haixian Mushroom (Bag) (3),8,3
102900011012871,Bell Pepper (Bag),106949711300259,Needle Mushroom (Box),8,5
102900011029275,Chopped Red Pine,106958851400125,Honghu Lotus Root,7,3
102900011021675,Purple Hot Peppers,102900011030059,Powcan Mountain Chinese Cabbage ,7,1
102900011031841,The Crab Flavor Mushroom (2),106958851400125,Needle Mushroom (Box),7,4
102900011034354,Wild Pink Lotus Root,102900011030097,Cabbage Stem (Bag),7,3
102900011031759,Xianzongye (Bag) (1),102900011033906,Yunnan Lettuce (Bag),7,3
102900011033968,Agaricus Bisporus (Bag),106949711300259,Haixian Mushroom (Bag) (4),7,5
102900011018132,Xixia Black Mushroom (2),102900011034231,Yunnan Leaf Lettuce (Bag),7,2
106956146480203,Red Bell Pepper (Bag),102900051000944,Haixian Mushroom (Bag) (4),7,4
102900011034538,Round Eggplant (1),102900051000463,Needle Mushroom (Bag) (3),6,5
102900011011058,Chopped Red Pine,106949711300068,Purple Beicai,6,5
102900011027615,Juhua Youcai,102900051010790,Xiaozhoupi (Bag),6,4
102900011021675,Fresh Rice Dumplings Leaves,102900051004294,Haixian Mushroom (Bunch),6,2
102900011033999,Agaricus Bisporus (Bag),106958851400125,Zhijiang Qinggengsanhua,6,5
102900011021699,Purple Beicai,102900051000944,Haixian Mushroom (Bag) (3),6,4
102900051009220,Shuanggou Cabbage,102900011032251,Yellow Baicai (1),6,5
102900051010790,Hongshan Gift Box,106949711300167,Needle Mushroom (Bag) (2),6,1
102900011029688,Agaricus Bisporus (Bag),102900051004294,Round Eggplant (2),6,4
102900011031841,Xixia Black Mushroom (2),102900011031100,Green Line Pepper,6,4
102900011031841,Black Chicken  Mushroom,102900011034224,Millet Pepper (Bag),6,5
102900011030417,Black Porcini,102900011032251,Xiaoqingcai (Bag),6,3
102900011033968,Black Mushroom (Bag),102900011032022,Luosi Pepper (Bag),6,4
102900011030400,Hongshan Shoutidai,102900011035078,Haixian Mushroom (Bag) (4),6,5
102900011030400,Hongshan Shoutidai,106949711300167,Red Pepper (2),6,2
102900011030400,Hongshan Shoutidai,106971533450003,Needle Mushroom (Box),6,4
102900011032176,Basil (Bag),106971533455008,Huangbaicai (2),6,5
102900011026793,Youcaitai,102900011035771,Needle Mushroom (Bag) (2),6,3
102900011026502,The Steak Mushrooms,102900011034026,Honghu Lotus Root,6,1
102900011012871,Apricot Bao Mushroom (250 G),106949711300259,Green Line Pepper,6,1
102900011011058,Purple Hot Peppers,102900011034330,Haixian Mushroom (Bag) (3),5,1
102900011031858,Chicken Fir Bacteria,106949711300259,Millet Pepper (Bag),5,3
102900011031858,7 Colour Pepper (Bag),102900011016701,Luosi Pepper (Bag),5,4
102900011011058,Hongshan Gift Box,106971533455008,Huangbaicai (2),5,5
102900011031735,Hongshan Gift Box,102900051004294,Wuhu Green Pepper (1),5,4
102900011029275,Xixia Black Mushroom (2),102900051010455,Agaricus Bisporus (Box),5,5
102900011010563,Velvet Antler Mushroom (Box),102900051010455,Needle Mushroom (Box),5,1
102900011032114,Hericium ,102900011032213,Red Hang Pepper (Bag),5,5
102900011033968,Xianzongye,102900051000463,Round Eggplant (2),5,1
102900011030417,Needle Mushroom (Bag),102900051010455,Huangbaicai (2),5,5
102900011030417,Needle Mushroom (Bag),102900011032251,Yunnan Lettuce (Bag),5,3
102900011032176,Black Porcini,102900011031100,Powcan Mountain Chinese Cabbage ,5,1
102900011035849,Black Porcini,102900011030059,Huangbaicai (2),5,2
102900011008577,Basil (Bag),102900051010455,Huangbaicai (2),5,1
102900011034323,Chinese Cabbage Seedling,102900051010455,Huangbaicai (2),5,3
102900011036266,Water Chestnut (Bag),102900011033906,Green Line Pepper,5,2
102900011031858,Round Eggplant (1),102900011031100,Green Line Pepper,4,2
102900011011058,Juhua Youcai,102900051004294,Millet Pepper (Bag),4,1
102900011031858,The Pork Stomach Mushroom (Box),106971533455008,Xiaoqingcai (Bag),4,5
102900011011058,Purple Hot Peppers,102900051000944,Green Line Pepper,4,2
102900011010563,Chicken Fir Bacteria,106958851400125,Haixian Mushroom (Bag) (3),4,2
102900011027615,Chicken Fir Bacteria,102900011011546,Honghu Lotus Root,4,3
102900011030615,Chicken Fir Bacteria,102900051000463,Needle Mushroom (2),4,5
102900011010563,Chicken Fir Bacteria,102900051004294,Honghu Lotus Root,4,5
102900011010563,The Pork Stomach Mushroom (Box),102900051010455,Haixian Mushroom (Bag) (4),4,5
102900011030615,Fresh Rice Dumplings Leaves,102900051000463,Xixia Xianggu Mushroom (2),4,2
102900011029275,The White Mushroom (Box),106949711300167,Huangxincai (2),4,3
102900011033999,Hongshan Gift Box,102900011031100,Zhijiang Qinggengsanhua,4,5
102900011010563,Haixian Mushroom (Bag) (4),102900051009336,Cabbage Stem (Bag),4,5
102900011030561,Red Bell Pepper (Bag),102900051010455,Red Pepper (2),4,4
102900011032114,Needle Mushroom (Bag),102900011033937,Round Eggplant (2),4,2
106958851400125,Needle Mushroom (Bag),102900051000944,Green Line Pepper,4,4
102900011031759,Black Porcini,106971533455008,Haixian Mushroom (Bag) (1),4,2
102900011030417,Black Porcini,102900011032619,Chinese Caterpillar Fungus Flowers,4,1
102900011008492,Big Broccoli,102900011034231,Round Eggplant (2),4,4
102900011033081,Chuncai,102900051004294,Millet Pepper (Bag),4,5
106930274620090,Water Chestnut (Bag),102900011034231,Needle Mushroom (Bag) (2),4,3
102900011026502,Chopped Red Pine (Box),102900011016701,Huangbaicai (2),4,4
106957634300010,Haixian Mushroom (Bag) (2),102900011033920,Haixian Mushroom (Bag) (3),4,4
102900011031858,Black Chicken Fir Bacteria (Box),102900051010455,Purple Beicai,3,1
106930274220092,The Crab Flavor Mushroom (Bag),102900011031100,Millet Pepper (Bag),3,4
106931885000356,Needle Mushroom (Bag),102900051010790,Huangbaicai (2),3,1
102900011024010,Embroidered Aureus (Bag),102900051004294,Xiaoqingcai (Bag),3,2
102900011030622,Black Porcini (Box),106956146480203,The Crab Flavor Mushroom (2),3,5
102900011031742,Fresh Lotus Root Zone (Bag),102900011032244,Haixian Mushroom (Bag) (3),3,3
102900011030639,Bell Pepper (Bag),106971533455008,Green Line Pepper,3,1
102900011030615,Juhua Youcai,102900051004294,Haixian Mushroom (Bag) (4),2,3
102900011027615,The Pork Stomach Mushroom (Box),106949711300167,Needle Mushroom (Box),2,3
102900011030561,Honghu Lotus (Lotus Root),102900051004294,Needle Mushroom (Bag) (2),2,2
102900011032114,Red Bell Pepper (Bag),102900051010455,Haixian Mushroom (Bag) (4),2,2
102900011030561,Red Bell Pepper (Bag),106949711300167,Round Eggplant (2),2,5
102900011030622,Shuanggou Cabbage,102900011031100,Haixian Mushroom (Bunch),2,4
102900011031759,Red Bell Pepper (Bag),106958851400125,Haixian Mushroom (Bag) (3),2,3
102900011031759,Muercai (Bag),106949711300259,Huangbaicai (2),2,2
102900011031759,Hericium ,106949711300167,Needle Mushroom (Bag) (2),2,4
102900011029688,Black Chicken Fir Bacteria (Box),106958851400125,Needle Mushroom (Bag) (2),2,5
102900011036686,Black Chicken Fir Bacteria (Box),102900051000463,Green Line Pepper,2,4
102900011034705,Black Chicken Fir Bacteria (Box),106958851400125,Needle Mushroom (Bag) (2),2,3
102900011034705,Green Butter,106949711300167,Millet Pepper (Bag),2,4
102900011026793,Green Butter,102900051000463,Green Line Pepper,2,3
102900011026793,The Fungus Mushroom Hot Pot Package (Bag),102900051004294,Huangbaicai (2),2,2
102900011033531,The Fungus Mushroom Hot Pot Package (Bag),102900011033562,Xixia Xianggu Mushroom (Bag),2,1
102900011026793,Black Porcini (Box),102900011033586,Red Pepper (2),2,2
102900011033531,Water Chestnut (Bag),106949711300068,Hfyg Haixian Mushroom (Bunch),2,2
102900011033531,Chopped Red Pine (Box),106973990980123,Haixian Mushroom (Bag) (4),2,1
102900011023075,Chopped Red Pine (Box),106958851400125,Huangbaicai (2),2,2
102900011031742,Bell Pepper (Bag),102900051010455,Haixian Mushroom (Bag) (4),2,3
102900011034569,Red Coral (Leaf),102900011035078,Round Eggplant (2),2,1
102900011008577,Red Coral (Leaf),102900011035788,Needle Mushroom (Bag) (2),2,3
102900011030639,Red Coral (Leaf),106971533455008,Red Oak Leaf,2,3
102900011030639,Apricot Bao Mushroom (250 G),102900051000463,Green Butter,2,4
102900011030639,Apricot Bao Mushroom (250 G),106949711300167,Green Line Pepper,2,5
102900011033586,White Jelly Mushroom,106971533450003,Needle Mushroom (Bag) (3),2,5
102900011033586,Apricot Bao Mushroom (250 G),102900051010455,Round Eggplant (2),2,3
106930274220092,The Pork Stomach Mushroom (Box),102900051004294,Haixian Mushroom (Bag) (4),1,5
106931885000356,The Pork Stomach Mushroom (Box),106949711300068,Needle Mushroom (Bag) (2),1,4
102900011034538,Purple Hot Peppers,106958851400125,Bell Pepper (2),1,4
102900011034538,Green And Red Jian Pepper Mix (Bag),102900011008676,Green Line Pepper,1,5
102900051000890,Lotus Root Tip,102900011030110,The Steak Mushrooms (Box),1,5
102900051000890,Purple Cabbage (2),102900011009246,Xiaozhoupi (Bag),1,1
106949711300068,Purple Cabbage (2),102900011031599,Round Eggplant (2),1,5
102900011029275,Zhimaxiancai,106930274620090,Huangbaicai (2),1,2
102900011036242,Haixian Mushroom (Bag) (3),102900011032244,Xiaoqingcai (1),1,3
102900051006229,Embroidered Aureus,102900011032350,Xiangtianhongcaitai (Bag),1,3
102900011030615,Muercai (Bag),102900051004294,Xianzongye (Bag) (3),1,4
102900011030615,Fruit Pepper (Orange),102900011030608,Wuhu Green Pepper (1),1,5
102900011033913,Fruit Pepper (Orange),106958851400125,Needle Mushroom (Bag) (3),1,4
102900011033913,Fruit Pepper (Orange),102900051010455,Green Line Pepper,1,1
102900011030561,Fruit Pepper (Orange),106949711300167,Fresh Black Fungus (1),1,1
102900011030561,Shuanggou Cabbage,102900051010455,Haixian Mushroom (Bag) (4),1,5
102900011024010,Fruit Pepper (Orange),102900011031759,Haixian Mushroom (Bag) (2),1,5
102900011032114,Black Chicken Fir Bacteria (Box),106973990980123,Jicai,1,5
102900011032114,Ganlanye,106949711300068,Haixian Mushroom (Bag) (4),1,2
102900011009772,Ganlanye,102900051000944,Haixian Mushroom (Bag) (4),1,3
102900011009772,Ganlanye,106971533455008,Green And Red Jian Pepper Mix (Bag),1,4
102900011009772,Hericium ,102900011033920,Net Lotus Root (3),1,5
102900011009772,Hericium ,102900051000463,Needle Mushroom (Bag) (3),1,4
102900011009772,Hericium ,102900011031599,Honghu Lotus Root,1,3
102900011036686,Velvet Antler Mushroom (Box),102900011030639,Hfyg Haixian Mushroom (Bunch),1,2
102900011029688,Black Mushroom (Bag),102900051010455,Needle Mushroom (Bag) (2),1,4
102900011035849,Broccoli,102900051009336,Chinese Caterpillar Fungus Flowers (Box) (2),1,2
102900011034705,Embroidered Aureus (Bag),102900011035511,Red Pepper (2),1,4
102900011023075,Black Mushroom (Bag),102900011036242,Haixian Mushroom (Bag) (2),1,5
102900011031742,The Crab Flavor Mushroom (Bag),106949711300167,Honghu Lotus Root,1,2
102900011031742,Broccoli,106972776821582,Huangbaicai (2),1,1
102900011033531,Needle Mushroom (Bag) (3),102900011032022,Needle Mushroom (Bag) (2),1,5
102900011034316,Chinese Cabbage Seedling,102900051010455,Haixian Mushroom (Bag) (4),1,3
106931885000035,The Fungus Mushroom Hot Pot Package (Bag),102900011023464,Apricot Bao Mushroom (Bag),1,5
106971533455008,Water Chestnut (Bag),102900011016701,Huangxincai (2),1,4
102900011008577,Chopped Red Pine (Box),106973223300667,Haixian Mushroom (Bag) (3),1,4
102900011008577,Chopped Red Pine (Box),102900011032282,Round Eggplant (2),1,3
102900011008577,Fresh Lotus Root Zone (Bag),106949711300167,Huangbaicai (2),1,2
102900011015391,Water Chestnut (Bag),102900011031100,Chinese Caterpillar Fungus Flowers,1,3
102900011015391,Bell Pepper (Bag),106930274620090,Red Bell Pepper (Bag),1,1
102900011036266,Bell Pepper (Bag),102900011035078,Xiaozhoupi (Bag),1,2
102900011030639,Red Coral (Leaf),102900051000944,Needle Mushroom (Bag) (2),1,4
102900011015391,White Jelly Mushroom,102900051010455,Huangbaicai (2),1,2
